Date,Asset_Name,Asset_Class,Transaction_Type,Exchange,Quantity,Price_Per_Unit,Total_Value,Realized_Profit
2023-01-01,Ethereum,Cryptocurrency,Buy,Binance,2.3742,2432.83,5776.02,0.0
2023-01-02,Ethereum,Cryptocurrency,Buy,Binance,0.7646,3543.46,2709.33,0.0
2023-01-03,Tata Motors,Stock,Sell,NSE,30.0,532.48,15974.4,3522.35
2023-01-04,Reliance Industries,Stock,Buy,NSE,38.0,2206.6,83850.8,0.0
2023-01-05,Tata Motors,Stock,Sell,NSE,324.0,862.75,279531.0,-34459.79
2023-01-06,ATOM,Cryptocurrency,Buy,Binance,431.67,11.39,4916.72,0.0
2023-01-06,Infosys,Stock,Buy,NSE,36.0,1437.94,51765.84,0.0
2023-01-07,GOLDBEES,ETF,Buy,NSE,303.0,64.16,19440.48,0.0
2023-01-08,TCS,Stock,Buy,NSE,304.0,3519.37,1069888.48,0.0
2023-01-12,ATOM,Cryptocurrency,Buy,Binance,408.19,11.68,4767.66,0.0
2023-01-13,Bitcoin,Cryptocurrency,Buy,Binance,0.242,58857.24,14243.45,0.0
2023-01-14,ATOM,Cryptocurrency,Buy,Binance,351.84,13.26,4665.4,0.0
2023-01-15,Tata Motors,Stock,Buy,NSE,340.0,566.13,192484.2,0.0
2023-01-17,L&T,Stock,Buy,NSE,160.0,3114.32,498291.2,0.0
2023-01-20,Reliance Industries,Stock,Sell,NSE,73.0,2607.56,190351.88,-14086.23
2023-01-20,HDFC Bank,Stock,Buy,NSE,178.0,1601.43,285054.54,0.0
2023-01-21,Infosys,Stock,Buy,NSE,15.0,1428.86,21432.9,0.0
2023-01-24,Ethereum,Cryptocurrency,Sell,Binance,1.0941,3970.7,4344.34,1731.21
2023-01-26,Tata Motors,Stock,Buy,NSE,278.0,491.29,136578.62,0.0
2023-01-26,ITC,Stock,Buy,NSE,195.0,460.24,89746.8,0.0
2023-01-29,SBI,Stock,Buy,NSE,382.0,557.14,212827.48,0.0
2023-01-29,GOLDBEES,ETF,Sell,NSE,322.0,56.08,18057.76,6495.4
2023-01-31,Ethereum,Cryptocurrency,Buy,Binance,2.3717,1614.3,3828.64,0.0
2023-02-01,NIFTYBEES,ETF,Sell,NSE,12.0,256.45,3077.4,1104.75
2023-02-05,Infosys,Stock,Sell,NSE,41.0,1724.45,70702.45,-7528.99
2023-02-09,GOLDBEES,ETF,Buy,NSE,158.0,55.7,8800.6,0.0
2023-02-09,Reliance Industries,Stock,Buy,NSE,94.0,2896.25,272247.5,0.0
2023-02-10,TCS,Stock,Sell,NSE,445.0,3242.82,1443054.9,505266.3
2023-02-11,NIFTYBEES,ETF,Sell,NSE,270.0,238.61,64424.7,-9119.21
2023-02-12,Reliance Industries,Stock,Buy,NSE,170.0,2943.54,500401.8,0.0
2023-02-13,Solana,Cryptocurrency,Buy,Binance,421.3,193.97,81719.56,0.0
2023-02-18,HDFC Bank,Stock,Buy,NSE,93.0,1384.14,128725.02,0.0
2023-02-20,L&T,Stock,Buy,NSE,165.0,2303.55,380085.75,0.0
2023-02-20,ITC,Stock,Sell,NSE,292.0,446.51,130380.92,8329.73
2023-02-21,HDFC Bank,Stock,Buy,NSE,336.0,1577.64,530087.04,0.0
2023-02-22,Infosys,Stock,Buy,NSE,185.0,1521.51,281479.35,0.0
2023-02-22,NIFTYBEES,ETF,Sell,NSE,240.0,225.88,54211.2,18599.22
2023-02-24,Solana,Cryptocurrency,Buy,Binance,487.25,199.93,97415.89,0.0
2023-02-25,SBI,Stock,Buy,NSE,146.0,627.98,91685.08,0.0
2023-02-25,Solana,Cryptocurrency,Buy,Binance,329.27,47.86,15758.86,0.0
2023-02-26,ITC,Stock,Sell,NSE,283.0,370.72,104913.76,15251.29
2023-02-28,HDFC Bank,Stock,Buy,NSE,81.0,1731.62,140261.22,0.0
2023-03-01,Tata Motors,Stock,Sell,NSE,470.0,859.52,403974.4,130273.38
2023-03-01,Infosys,Stock,Buy,NSE,416.0,1608.11,668973.76,0.0
2023-03-03,TCS,Stock,Buy,NSE,97.0,3466.06,336207.82,0.0
2023-03-05,GOLDBEES,ETF,Buy,NSE,49.0,74.39,3645.11,0.0
2023-03-06,ITC,Stock,Sell,NSE,168.0,402.53,67625.04,15176.12
2023-03-07,GOLDBEES,ETF,Sell,NSE,197.0,54.25,10687.25,-657.29
2023-03-07,Reliance Industries,Stock,Buy,NSE,169.0,2709.09,457836.21,0.0
2023-03-08,SBI,Stock,Buy,NSE,443.0,506.55,224401.65,0.0
2023-03-15,Solana,Cryptocurrency,Sell,Binance,315.84,56.16,17737.57,174.16
2023-03-15,ATOM,Cryptocurrency,Sell,Binance,370.23,9.56,3539.4,554.75
2023-03-17,SBI,Stock,Buy,NSE,455.0,617.04,280753.2,0.0
2023-03-17,NIFTYBEES,ETF,Sell,NSE,318.0,182.62,58073.16,10994.44
2023-03-20,Infosys,Stock,Sell,NSE,347.0,1304.4,452626.8,18242.68
2023-03-21,ITC,Stock,Buy,NSE,445.0,462.95,206012.75,0.0
2023-03-23,HDFC Bank,Stock,Buy,NSE,278.0,1702.24,473222.72,0.0
2023-03-23,HDFC Bank,Stock,Buy,NSE,90.0,1697.27,152754.3,0.0
2023-03-23,TCS,Stock,Sell,NSE,210.0,3219.44,676082.4,47418.81
2023-03-24,TCS,Stock,Sell,NSE,127.0,3043.27,386495.29,81264.7
2023-03-24,ITC,Stock,Buy,NSE,479.0,449.54,215329.66,0.0
2023-03-26,Ethereum,Cryptocurrency,Buy,Binance,1.8412,1999.17,3680.87,0.0
2023-03-27,HDFC Bank,Stock,Buy,NSE,297.0,1516.17,450302.49,0.0
2023-03-30,TCS,Stock,Buy,NSE,196.0,4152.67,813923.32,0.0
2023-03-31,Ethereum,Cryptocurrency,Buy,Binance,1.8204,3699.1,6733.84,0.0
2023-04-01,Infosys,Stock,Buy,NSE,54.0,1341.17,72423.18,0.0
2023-04-01,ITC,Stock,Sell,NSE,29.0,418.95,12149.55,1874.37
2023-04-04,ITC,Stock,Buy,NSE,396.0,381.14,150931.44,0.0
2023-04-04,Tata Motors,Stock,Buy,NSE,490.0,837.3,410277.0,0.0
2023-04-05,HDFC Bank,Stock,Buy,NSE,118.0,1410.78,166472.04,0.0
2023-04-07,Ethereum,Cryptocurrency,Sell,Binance,0.1618,2068.78,334.73,21.06
2023-04-13,ATOM,Cryptocurrency,Buy,Binance,260.1,10.18,2647.82,0.0
2023-04-13,Reliance Industries,Stock,Sell,NSE,381.0,2834.95,1080115.95,-79995.89
2023-04-13,Infosys,Stock,Buy,NSE,482.0,1403.85,676655.7,0.0
2023-04-14,L&T,Stock,Sell,NSE,201.0,2232.08,448648.08,56904.31
2023-04-15,Ethereum,Cryptocurrency,Buy,Binance,1.4761,3593.67,5304.62,0.0
2023-04-16,L&T,Stock,Buy,NSE,46.0,2057.13,94627.98,0.0
2023-04-16,Reliance Industries,Stock,Sell,NSE,338.0,2639.07,892005.66,146495.76
2023-04-17,TCS,Stock,Buy,NSE,416.0,3788.26,1575916.16,0.0
2023-04-20,Reliance Industries,Stock,Sell,NSE,399.0,2614.75,1043285.25,-102577.72
2023-04-21,HDFC Bank,Stock,Sell,NSE,276.0,1606.31,443341.56,6249.19
2023-04-22,Bitcoin,Cryptocurrency,Buy,Binance,0.8471,31660.56,26819.66,0.0
2023-04-22,L&T,Stock,Sell,NSE,318.0,3439.93,1093897.74,321787.76
2023-04-25,Ethereum,Cryptocurrency,Buy,Binance,0.6602,1550.19,1023.44,0.0
2023-04-27,SBI,Stock,Sell,NSE,156.0,659.86,102938.16,-487.02
2023-04-28,Infosys,Stock,Buy,NSE,471.0,1574.07,741386.97,0.0
2023-04-29,L&T,Stock,Sell,NSE,449.0,3367.09,1511823.41,84133.9
2023-04-30,Infosys,Stock,Buy,NSE,107.0,1399.32,149727.24,0.0
2023-05-01,Tata Motors,Stock,Sell,NSE,269.0,513.02,138002.38,37400.15
2023-05-01,SBI,Stock,Buy,NSE,91.0,706.39,64281.49,0.0
2023-05-03,GOLDBEES,ETF,Sell,NSE,45.0,72.24,3250.8,349.24
2023-05-04,Reliance Industries,Stock,Buy,NSE,410.0,2831.2,1160792.0,0.0
2023-05-05,GOLDBEES,ETF,Buy,NSE,214.0,58.95,12615.3,0.0
2023-05-05,Ethereum,Cryptocurrency,Buy,Binance,0.8632,3980.87,3436.29,0.0
2023-05-08,ATOM,Cryptocurrency,Buy,Binance,139.62,11.94,1667.06,0.0
2023-05-11,NIFTYBEES,ETF,Buy,NSE,22.0,265.39,5838.58,0.0
2023-05-12,L&T,Stock,Sell,NSE,377.0,3581.32,1350157.64,288879.44
2023-05-12,ATOM,Cryptocurrency,Sell,Binance,204.6,13.42,2745.73,-257.35
2023-05-14,Bitcoin,Cryptocurrency,Buy,Binance,0.4886,46156.6,22552.11,0.0
2023-05-16,ATOM,Cryptocurrency,Buy,Binance,471.8,6.28,2962.9,0.0
2023-05-19,Ethereum,Cryptocurrency,Buy,Binance,2.027,3643.29,7384.95,0.0
2023-05-20,ITC,Stock,Buy,NSE,53.0,446.01,23638.53,0.0
2023-05-21,NIFTYBEES,ETF,Buy,NSE,350.0,241.52,84532.0,0.0
2023-05-21,Ethereum,Cryptocurrency,Buy,Binance,1.2723,2195.39,2793.19,0.0
2023-05-21,Solana,Cryptocurrency,Buy,Binance,319.02,112.9,36017.36,0.0
2023-05-21,NIFTYBEES,ETF,Buy,NSE,223.0,247.68,55232.64,0.0
2023-05-22,L&T,Stock,Sell,NSE,21.0,2103.73,44178.33,4464.08
2023-05-22,Tata Motors,Stock,Sell,NSE,351.0,952.11,334190.61,125548.34
2023-05-23,Reliance Industries,Stock,Buy,NSE,170.0,2338.33,397516.1,0.0
2023-05-23,SBI,Stock,Buy,NSE,95.0,603.08,57292.6,0.0
2023-05-23,Solana,Cryptocurrency,Sell,Binance,29.48,148.24,4370.12,1561.22
2023-05-24,Reliance Industries,Stock,Sell,NSE,387.0,3045.78,1178716.86,267950.57
2023-05-26,NIFTYBEES,ETF,Sell,NSE,397.0,248.32,98583.04,15113.5
2023-05-26,Bitcoin,Cryptocurrency,Sell,Binance,0.7461,47381.78,35351.55,12330.67
2023-05-26,HDFC Bank,Stock,Sell,NSE,461.0,1619.99,746815.39,155566.54
2023-05-27,Infosys,Stock,Buy,NSE,132.0,1432.61,189104.52,0.0
2023-05-27,ATOM,Cryptocurrency,Buy,Binance,250.79,7.88,1976.23,0.0
2023-05-29,Ethereum,Cryptocurrency,Sell,Binance,1.4169,2941.62,4167.98,1616.52
2023-05-30,GOLDBEES,ETF,Buy,NSE,174.0,66.99,11656.26,0.0
2023-05-31,SBI,Stock,Sell,NSE,344.0,668.68,230025.92,51057.14
2023-06-01,Solana,Cryptocurrency,Sell,Binance,487.74,89.26,43535.67,-612.15
2023-06-03,ITC,Stock,Sell,NSE,283.0,423.67,119898.61,4941.69
2023-06-03,GOLDBEES,ETF,Buy,NSE,448.0,74.64,33438.72,0.0
2023-06-04,TCS,Stock,Sell,NSE,12.0,3447.72,41372.64,14091.67
2023-06-04,L&T,Stock,Buy,NSE,158.0,3347.17,528852.86,0.0
2023-06-05,Ethereum,Cryptocurrency,Sell,Binance,0.7254,2158.37,1565.68,108.68
2023-06-08,SBI,Stock,Buy,NSE,89.0,548.64,48828.96,0.0
2023-06-11,GOLDBEES,ETF,Buy,NSE,496.0,69.8,34620.8,0.0
2023-06-11,Infosys,Stock,Sell,NSE,211.0,1654.78,349158.58,-26323.97
2023-06-13,HDFC Bank,Stock,Buy,NSE,21.0,1734.33,36420.93,0.0
2023-06-14,HDFC Bank,Stock,Buy,NSE,223.0,1616.15,360401.45,0.0
2023-06-14,Reliance Industries,Stock,Buy,NSE,25.0,2357.23,58930.75,0.0
2023-06-14,GOLDBEES,ETF,Buy,NSE,318.0,57.82,18386.76,0.0
2023-06-15,Tata Motors,Stock,Buy,NSE,431.0,496.75,214099.25,0.0
2023-06-16,ITC,Stock,Buy,NSE,15.0,445.31,6679.65,0.0
2023-06-17,Reliance Industries,Stock,Buy,NSE,432.0,2610.88,1127900.16,0.0
2023-06-17,Tata Motors,Stock,Sell,NSE,151.0,793.71,119850.21,28929.83
2023-06-21,Infosys,Stock,Sell,NSE,208.0,1795.9,373547.2,99077.62
2023-06-23,HDFC Bank,Stock,Buy,NSE,302.0,1388.84,419429.68,0.0
2023-06-24,Ethereum,Cryptocurrency,Sell,Binance,0.3141,2873.95,902.71,103.52
2023-06-25,Ethereum,Cryptocurrency,Sell,Binance,1.6282,2942.13,4790.38,700.07
2023-06-25,Infosys,Stock,Sell,NSE,455.0,1725.65,785170.75,127802.06
2023-06-27,GOLDBEES,ETF,Sell,NSE,363.0,55.26,20059.38,5289.81
2023-06-28,Bitcoin,Cryptocurrency,Buy,Binance,1.3658,41160.04,56216.38,0.0
2023-06-30,GOLDBEES,ETF,Buy,NSE,450.0,71.7,32265.0,0.0
2023-07-06,GOLDBEES,ETF,Buy,NSE,306.0,74.27,22726.62,0.0
2023-07-06,SBI,Stock,Buy,NSE,479.0,694.71,332766.09,0.0
2023-07-07,Solana,Cryptocurrency,Buy,Binance,279.54,182.45,51002.07,0.0
2023-07-09,Infosys,Stock,Buy,NSE,71.0,1400.73,99451.83,0.0
2023-07-09,L&T,Stock,Sell,NSE,235.0,3389.86,796617.1,80907.09
2023-07-10,Solana,Cryptocurrency,Sell,Binance,230.53,40.03,9228.12,-1268.76
2023-07-10,Ethereum,Cryptocurrency,Sell,Binance,0.7906,2359.06,1865.07,390.09
2023-07-11,Solana,Cryptocurrency,Buy,Binance,302.59,24.69,7470.95,0.0
2023-07-11,HDFC Bank,Stock,Buy,NSE,465.0,1578.78,734132.7,0.0
2023-07-11,Tata Motors,Stock,Sell,NSE,271.0,673.56,182534.76,32491.82
2023-07-13,Bitcoin,Cryptocurrency,Buy,Binance,0.835,60464.07,50487.5,0.0
2023-07-18,TCS,Stock,Buy,NSE,437.0,4102.54,1792809.98,0.0
2023-07-18,ATOM,Cryptocurrency,Buy,Binance,154.09,8.35,1286.65,0.0
2023-07-20,Bitcoin,Cryptocurrency,Sell,Binance,1.7369,36197.04,62870.64,2476.62
2023-07-21,Infosys,Stock,Sell,NSE,442.0,1327.03,586547.26,-39340.81
2023-07-23,Infosys,Stock,Sell,NSE,254.0,1353.7,343839.8,-7574.43
2023-07-24,HDFC Bank,Stock,Buy,NSE,132.0,1597.77,210905.64,0.0
2023-07-24,GOLDBEES,ETF,Sell,NSE,203.0,54.6,11083.8,1333.33
2023-07-25,TCS,Stock,Buy,NSE,438.0,3160.9,1384474.2,0.0
2023-07-25,Ethereum,Cryptocurrency,Sell,Binance,1.1783,2359.71,2780.45,-404.35
2023-07-26,Reliance Industries,Stock,Buy,NSE,500.0,3028.93,1514465.0,0.0
2023-07-28,TCS,Stock,Sell,NSE,481.0,3091.23,1486881.63,-77069.3
2023-07-29,Reliance Industries,Stock,Sell,NSE,174.0,2630.19,457653.06,162394.94
2023-07-29,SBI,Stock,Buy,NSE,283.0,847.93,239964.19,0.0
2023-07-30,SBI,Stock,Sell,NSE,101.0,717.96,72513.96,1911.04
2023-07-30,Infosys,Stock,Buy,NSE,32.0,1490.44,47694.08,0.0
2023-08-01,NIFTYBEES,ETF,Sell,NSE,191.0,275.04,52532.64,15965.77
2023-08-03,Infosys,Stock,Sell,NSE,296.0,1585.24,469231.04,166499.59
2023-08-05,GOLDBEES,ETF,Buy,NSE,256.0,71.72,18360.32,0.0
2023-08-06,Ethereum,Cryptocurrency,Buy,Binance,0.6677,3694.73,2466.97,0.0
2023-08-07,Infosys,Stock,Buy,NSE,398.0,1589.45,632601.1,0.0
2023-08-08,NIFTYBEES,ETF,Sell,NSE,63.0,251.59,15850.17,-1528.11
2023-08-10,Reliance Industries,Stock,Sell,NSE,252.0,2539.37,639921.24,175006.91
2023-08-10,L&T,Stock,Buy,NSE,385.0,2096.84,807283.4,0.0
2023-08-11,L&T,Stock,Buy,NSE,333.0,2432.63,810065.79,0.0
2023-08-12,SBI,Stock,Buy,NSE,446.0,550.13,245357.98,0.0
2023-08-13,ATOM,Cryptocurrency,Buy,Binance,483.16,10.7,5169.81,0.0
2023-08-17,Tata Motors,Stock,Sell,NSE,22.0,930.05,20461.1,3841.75
2023-08-17,NIFTYBEES,ETF,Buy,NSE,443.0,235.21,104198.03,0.0
2023-08-18,TCS,Stock,Buy,NSE,231.0,4169.06,963052.86,0.0
2023-08-18,Tata Motors,Stock,Buy,NSE,458.0,761.51,348771.58,0.0
2023-08-21,Reliance Industries,Stock,Sell,NSE,284.0,2390.69,678955.96,93557.57
2023-08-22,Ethereum,Cryptocurrency,Buy,Binance,0.1877,3439.13,645.52,0.0
2023-08-23,Infosys,Stock,Buy,NSE,146.0,1781.64,260119.44,0.0
2023-08-23,GOLDBEES,ETF,Sell,NSE,432.0,65.68,28373.76,5029.99
2023-08-23,Infosys,Stock,Buy,NSE,494.0,1701.47,840526.18,0.0
2023-08-24,ITC,Stock,Buy,NSE,253.0,376.27,95196.31,0.0
2023-08-25,Solana,Cryptocurrency,Buy,Binance,118.39,36.55,4327.15,0.0
2023-08-25,NIFTYBEES,ETF,Buy,NSE,191.0,251.67,48068.97,0.0
2023-08-25,Tata Motors,Stock,Buy,NSE,425.0,946.8,402390.0,0.0
2023-08-26,Solana,Cryptocurrency,Buy,Binance,30.18,74.86,2259.27,0.0
2023-08-29,GOLDBEES,ETF,Buy,NSE,77.0,65.58,5049.66,0.0
2023-08-31,ITC,Stock,Buy,NSE,116.0,462.28,53624.48,0.0
2023-09-02,Reliance Industries,Stock,Buy,NSE,310.0,2359.33,731392.3,0.0
2023-09-03,Infosys,Stock,Buy,NSE,188.0,1385.26,260428.88,0.0
2023-09-05,Ethereum,Cryptocurrency,Buy,Binance,2.4377,2690.39,6558.36,0.0
2023-09-05,Bitcoin,Cryptocurrency,Sell,Binance,0.6957,56921.57,39600.34,13563.74
2023-09-05,SBI,Stock,Sell,NSE,489.0,594.18,290554.02,75656.18
2023-09-06,SBI,Stock,Buy,NSE,184.0,559.24,102900.16,0.0
2023-09-06,NIFTYBEES,ETF,Buy,NSE,355.0,278.19,98757.45,0.0
2023-09-12,Reliance Industries,Stock,Buy,NSE,115.0,2270.14,261066.1,0.0
2023-09-13,L&T,Stock,Sell,NSE,96.0,2131.85,204657.6,58699.51
2023-09-13,Infosys,Stock,Sell,NSE,74.0,1450.88,107365.12,41520.6
2023-09-15,Ethereum,Cryptocurrency,Buy,Binance,2.0605,2184.94,4502.07,0.0
2023-09-16,Solana,Cryptocurrency,Sell,Binance,310.06,129.01,40000.84,7120.08
2023-09-16,Infosys,Stock,Sell,NSE,153.0,1391.2,212853.6,-19008.68
2023-09-16,Tata Motors,Stock,Buy,NSE,291.0,835.68,243182.88,0.0
2023-09-17,Infosys,Stock,Buy,NSE,139.0,1489.18,206996.02,0.0
2023-09-18,TCS,Stock,Buy,NSE,59.0,4113.66,242705.94,0.0
2023-09-19,ITC,Stock,Sell,NSE,357.0,435.09,155327.13,45411.12
2023-09-19,Tata Motors,Stock,Buy,NSE,292.0,856.47,250089.24,0.0
2023-09-20,ITC,Stock,Buy,NSE,330.0,415.67,137171.1,0.0
2023-09-25,Reliance Industries,Stock,Sell,NSE,471.0,2902.97,1367298.87,-71836.05
2023-09-26,HDFC Bank,Stock,Buy,NSE,230.0,1699.42,390866.6,0.0
2023-09-26,Reliance Industries,Stock,Sell,NSE,62.0,2718.42,168542.04,36988.43
2023-09-28,HDFC Bank,Stock,Buy,NSE,435.0,1680.44,730991.4,0.0
2023-09-29,Reliance Industries,Stock,Sell,NSE,450.0,2966.68,1335006.0,-78802.56
2023-10-01,HDFC Bank,Stock,Buy,NSE,96.0,1500.8,144076.8,0.0
2023-10-03,Bitcoin,Cryptocurrency,Buy,Binance,2.1124,61746.49,130433.29,0.0
2023-10-05,Bitcoin,Cryptocurrency,Buy,Binance,1.4021,33042.38,46328.72,0.0
2023-10-07,HDFC Bank,Stock,Buy,NSE,479.0,1506.09,721417.11,0.0
2023-10-11,ITC,Stock,Buy,NSE,129.0,403.42,52041.18,0.0
2023-10-11,SBI,Stock,Buy,NSE,54.0,743.76,40163.04,0.0
2023-10-13,NIFTYBEES,ETF,Sell,NSE,54.0,228.03,12313.62,-1672.75
2023-10-13,HDFC Bank,Stock,Buy,NSE,327.0,1536.62,502474.74,0.0
2023-10-15,Reliance Industries,Stock,Buy,NSE,86.0,2718.65,233803.9,0.0
2023-10-19,Tata Motors,Stock,Buy,NSE,476.0,407.85,194136.6,0.0
2023-10-20,Ethereum,Cryptocurrency,Buy,Binance,1.0747,2402.07,2581.5,0.0
2023-10-23,Bitcoin,Cryptocurrency,Buy,Binance,0.5642,67758.91,38229.58,0.0
2023-10-24,SBI,Stock,Sell,NSE,368.0,633.25,233036.0,-22189.21
2023-10-29,Reliance Industries,Stock,Buy,NSE,224.0,2484.7,556572.8,0.0
2023-10-30,Ethereum,Cryptocurrency,Sell,Binance,2.2313,3318.56,7404.7,2349.31
2023-10-31,SBI,Stock,Buy,NSE,360.0,676.36,243489.6,0.0
2023-11-01,Bitcoin,Cryptocurrency,Buy,Binance,0.9882,40380.38,39903.89,0.0
2023-11-02,L&T,Stock,Sell,NSE,285.0,3517.53,1002496.05,324196.35
2023-11-02,Tata Motors,Stock,Buy,NSE,353.0,683.7,241346.1,0.0
2023-11-02,Ethereum,Cryptocurrency,Sell,Binance,1.7563,2814.55,4943.19,-45.64
2023-11-05,Ethereum,Cryptocurrency,Sell,Binance,1.438,1607.86,2312.1,-141.91
2023-11-07,Tata Motors,Stock,Buy,NSE,111.0,799.6,88755.6,0.0
2023-11-08,NIFTYBEES,ETF,Buy,NSE,403.0,207.38,83574.14,0.0
2023-11-09,Bitcoin,Cryptocurrency,Sell,Binance,2.396,33101.69,79311.65,14248.07
2023-11-09,ITC,Stock,Buy,NSE,475.0,441.47,209698.25,0.0
2023-11-10,Bitcoin,Cryptocurrency,Buy,Binance,0.1066,56214.76,5992.49,0.0
2023-11-10,ITC,Stock,Sell,NSE,414.0,357.04,147814.56,12231.17
2023-11-10,Bitcoin,Cryptocurrency,Buy,Binance,2.3415,55918.06,130932.14,0.0
2023-11-12,L&T,Stock,Buy,NSE,347.0,3251.13,1128142.11,0.0
2023-11-13,Bitcoin,Cryptocurrency,Buy,Binance,2.1001,36275.25,76181.65,0.0
2023-11-13,Ethereum,Cryptocurrency,Sell,Binance,0.1747,3394.44,593.01,213.43
2023-11-14,Ethereum,Cryptocurrency,Buy,Binance,1.5608,2800.77,4371.44,0.0
2023-11-15,SBI,Stock,Buy,NSE,94.0,689.74,64835.56,0.0
2023-11-15,Infosys,Stock,Sell,NSE,429.0,1470.68,630921.72,125246.57
2023-11-17,GOLDBEES,ETF,Sell,NSE,145.0,68.31,9904.95,3241.04
2023-11-18,HDFC Bank,Stock,Sell,NSE,188.0,1610.16,302710.08,75199.1
2023-11-19,Solana,Cryptocurrency,Sell,Binance,453.34,150.24,68109.8,13920.64
2023-11-20,Tata Motors,Stock,Sell,NSE,233.0,913.95,212950.35,5075.42
2023-11-20,SBI,Stock,Buy,NSE,405.0,705.65,285788.25,0.0
2023-11-21,ATOM,Cryptocurrency,Sell,Binance,410.9,6.4,2629.76,-105.65
2023-11-22,TCS,Stock,Buy,NSE,365.0,3388.89,1236944.85,0.0
2023-11-23,ATOM,Cryptocurrency,Buy,Binance,23.82,14.23,338.96,0.0
2023-11-23,NIFTYBEES,ETF,Buy,NSE,287.0,211.27,60634.49,0.0
2023-11-24,NIFTYBEES,ETF,Sell,NSE,125.0,237.27,29658.75,3320.13
2023-11-26,Tata Motors,Stock,Sell,NSE,375.0,840.56,315210.0,9008.9
2023-11-27,Solana,Cryptocurrency,Sell,Binance,60.74,166.74,10127.79,2143.42
2023-11-27,HDFC Bank,Stock,Sell,NSE,30.0,1610.73,48321.9,12571.54
2023-11-29,Reliance Industries,Stock,Buy,NSE,282.0,2383.6,672175.2,0.0
2023-11-30,Infosys,Stock,Buy,NSE,168.0,1473.41,247532.88,0.0
2023-12-01,HDFC Bank,Stock,Sell,NSE,380.0,1473.67,559994.6,45252.76
2023-12-02,TCS,Stock,Sell,NSE,280.0,3309.23,926584.4,275409.65
2023-12-04,Tata Motors,Stock,Sell,NSE,369.0,473.9,174869.1,36337.31
2023-12-05,Reliance Industries,Stock,Buy,NSE,272.0,2206.4,600140.8,0.0
2023-12-05,Solana,Cryptocurrency,Buy,Binance,436.54,51.97,22686.98,0.0
2023-12-06,SBI,Stock,Buy,NSE,189.0,723.62,136764.18,0.0
2023-12-07,ITC,Stock,Sell,NSE,73.0,439.28,32067.44,1234.69
2023-12-10,Reliance Industries,Stock,Buy,NSE,64.0,2505.97,160382.08,0.0
2023-12-14,Solana,Cryptocurrency,Buy,Binance,132.84,140.9,18717.16,0.0
2023-12-17,NIFTYBEES,ETF,Buy,NSE,184.0,249.32,45874.88,0.0
2023-12-22,Bitcoin,Cryptocurrency,Buy,Binance,1.0994,46838.6,51494.36,0.0
2023-12-23,HDFC Bank,Stock,Sell,NSE,278.0,1513.29,420694.62,-12231.21
2023-12-25,SBI,Stock,Sell,NSE,189.0,760.6,143753.4,54469.38
2023-12-27,Ethereum,Cryptocurrency,Sell,Binance,1.1855,3996.82,4738.23,1309.45
2023-12-27,SBI,Stock,Sell,NSE,356.0,637.8,227056.8,62837.33
2023-12-29,ATOM,Cryptocurrency,Sell,Binance,408.87,6.29,2571.79,-240.81
2024-01-01,ATOM,Cryptocurrency,Sell,Binance,153.85,8.98,1381.57,514.87
2024-01-01,Solana,Cryptocurrency,Sell,Binance,59.49,121.28,7214.95,53.04
2024-01-03,Reliance Industries,Stock,Buy,NSE,412.0,2659.83,1095849.96,0.0
2024-01-03,GOLDBEES,ETF,Buy,NSE,101.0,63.71,6434.71,0.0
2024-01-07,GOLDBEES,ETF,Buy,NSE,443.0,55.55,24608.65,0.0
2024-01-08,HDFC Bank,Stock,Buy,NSE,401.0,1559.94,625535.94,0.0
2024-01-08,L&T,Stock,Buy,NSE,269.0,3528.9,949274.1,0.0
2024-01-11,TCS,Stock,Buy,NSE,71.0,3935.7,279434.7,0.0
2024-01-13,HDFC Bank,Stock,Sell,NSE,242.0,1749.08,423277.36,98756.59
2024-01-15,Reliance Industries,Stock,Sell,NSE,293.0,2772.27,812275.11,72485.44
2024-01-16,Bitcoin,Cryptocurrency,Buy,Binance,0.9069,63351.19,57453.19,0.0
2024-01-20,Ethereum,Cryptocurrency,Buy,Binance,1.8658,2689.64,5018.33,0.0
2024-01-22,HDFC Bank,Stock,Buy,NSE,225.0,1709.3,384592.5,0.0
2024-01-24,L&T,Stock,Sell,NSE,219.0,3261.31,714226.89,219166.95
2024-01-25,ATOM,Cryptocurrency,Sell,Binance,96.64,11.68,1128.76,224.59
2024-01-25,NIFTYBEES,ETF,Buy,NSE,156.0,228.68,35674.08,0.0
2024-01-25,Infosys,Stock,Buy,NSE,220.0,1735.72,381858.4,0.0
2024-01-26,HDFC Bank,Stock,Buy,NSE,50.0,1568.7,78435.0,0.0
2024-01-27,ITC,Stock,Buy,NSE,106.0,475.21,50372.26,0.0
2024-01-28,Tata Motors,Stock,Buy,NSE,175.0,448.49,78485.75,0.0
2024-01-28,GOLDBEES,ETF,Buy,NSE,278.0,65.99,18345.22,0.0
2024-01-28,Solana,Cryptocurrency,Sell,Binance,346.08,72.17,24976.59,4585.98
2024-01-29,ITC,Stock,Sell,NSE,162.0,372.8,60393.6,15321.69
2024-01-30,Solana,Cryptocurrency,Sell,Binance,143.48,117.31,16831.64,1593.36
2024-01-31,Solana,Cryptocurrency,Sell,Binance,68.48,152.31,10430.19,-1331.43
2024-02-02,Reliance Industries,Stock,Buy,NSE,489.0,3029.88,1481611.32,0.0
2024-02-03,TCS,Stock,Buy,NSE,435.0,3727.95,1621658.25,0.0
2024-02-08,TCS,Stock,Buy,NSE,110.0,4002.8,440308.0,0.0
2024-02-10,TCS,Stock,Sell,NSE,39.0,3627.84,141485.76,-17816.24
2024-02-11,GOLDBEES,ETF,Buy,NSE,431.0,50.24,21653.44,0.0
2024-02-12,GOLDBEES,ETF,Sell,NSE,321.0,60.07,19282.47,3562.64
2024-02-12,NIFTYBEES,ETF,Buy,NSE,474.0,261.63,124012.62,0.0
2024-02-12,ITC,Stock,Buy,NSE,418.0,423.69,177102.42,0.0
2024-02-13,HDFC Bank,Stock,Sell,NSE,347.0,1479.75,513473.25,34571.49
2024-02-13,L&T,Stock,Buy,NSE,336.0,3268.33,1098158.88,0.0
2024-02-16,Bitcoin,Cryptocurrency,Buy,Binance,0.5248,35130.04,18436.24,0.0
2024-02-21,Reliance Industries,Stock,Buy,NSE,105.0,2428.86,255030.3,0.0
2024-02-21,Solana,Cryptocurrency,Sell,Binance,498.57,121.01,60331.96,8346.1
2024-02-23,Solana,Cryptocurrency,Buy,Binance,185.71,88.36,16409.34,0.0
2024-02-28,Solana,Cryptocurrency,Buy,Binance,177.91,150.35,26748.77,0.0
2024-03-01,Reliance Industries,Stock,Buy,NSE,408.0,3083.51,1258072.08,0.0
2024-03-05,SBI,Stock,Sell,NSE,332.0,748.14,248382.48,62370.65
2024-03-06,ITC,Stock,Buy,NSE,11.0,404.91,4454.01,0.0
2024-03-06,NIFTYBEES,ETF,Buy,NSE,489.0,233.72,114289.08,0.0
2024-03-07,Ethereum,Cryptocurrency,Sell,Binance,1.2361,3742.19,4625.72,1397.02
2024-03-08,Tata Motors,Stock,Buy,NSE,182.0,786.79,143195.78,0.0
2024-03-08,L&T,Stock,Buy,NSE,460.0,2296.99,1056615.4,0.0
2024-03-09,Solana,Cryptocurrency,Sell,Binance,89.82,89.58,8046.08,1325.53
2024-03-09,GOLDBEES,ETF,Buy,NSE,319.0,70.02,22336.38,0.0
2024-03-10,Reliance Industries,Stock,Buy,NSE,292.0,2470.03,721248.76,0.0
2024-03-11,Tata Motors,Stock,Sell,NSE,478.0,732.47,350120.66,88050.34
2024-03-12,TCS,Stock,Buy,NSE,32.0,4185.35,133931.2,0.0
2024-03-13,Ethereum,Cryptocurrency,Sell,Binance,0.5686,1547.81,880.08,344.71
2024-03-13,L&T,Stock,Sell,NSE,482.0,3532.5,1702665.0,671772.91
2024-03-14,TCS,Stock,Buy,NSE,14.0,3676.33,51468.62,0.0
2024-03-14,GOLDBEES,ETF,Sell,NSE,248.0,65.96,16358.08,5702.26
2024-03-16,Solana,Cryptocurrency,Sell,Binance,54.23,108.28,5872.02,-129.52
2024-03-19,NIFTYBEES,ETF,Sell,NSE,182.0,210.97,38396.54,4412.09
2024-03-21,Tata Motors,Stock,Sell,NSE,406.0,569.62,231265.72,-21173.52
2024-03-22,ITC,Stock,Buy,NSE,481.0,375.29,180514.49,0.0
2024-03-23,ITC,Stock,Buy,NSE,420.0,353.81,148600.2,0.0
2024-03-24,ITC,Stock,Buy,NSE,462.0,383.88,177352.56,0.0
2024-03-25,Tata Motors,Stock,Buy,NSE,42.0,497.59,20898.78,0.0
2024-03-25,SBI,Stock,Sell,NSE,36.0,594.0,21384.0,-1430.12
2024-03-25,ATOM,Cryptocurrency,Sell,Binance,386.65,10.34,3997.96,171.05
2024-03-27,Infosys,Stock,Buy,NSE,224.0,1648.82,369335.68,0.0
2024-03-27,ITC,Stock,Sell,NSE,332.0,478.49,158858.68,4579.16
2024-03-27,NIFTYBEES,ETF,Buy,NSE,434.0,215.48,93518.32,0.0
2024-03-29,GOLDBEES,ETF,Buy,NSE,143.0,66.12,9455.16,0.0
2024-03-31,ITC,Stock,Buy,NSE,329.0,379.32,124796.28,0.0
2024-04-01,Reliance Industries,Stock,Buy,NSE,43.0,3085.11,132659.73,0.0
2024-04-02,NIFTYBEES,ETF,Sell,NSE,334.0,221.92,74121.28,24946.18
2024-04-04,Tata Motors,Stock,Sell,NSE,269.0,759.71,204361.99,47850.82
2024-04-05,HDFC Bank,Stock,Buy,NSE,294.0,1562.88,459486.72,0.0
2024-04-05,ITC,Stock,Buy,NSE,255.0,400.52,102132.6,0.0
2024-04-05,SBI,Stock,Buy,NSE,280.0,573.15,160482.0,0.0
2024-04-05,L&T,Stock,Buy,NSE,271.0,2543.86,689386.06,0.0
2024-04-07,ATOM,Cryptocurrency,Buy,Binance,399.25,6.14,2451.39,0.0
2024-04-10,ITC,Stock,Sell,NSE,225.0,351.19,79017.75,22826.7
2024-04-10,ITC,Stock,Buy,NSE,428.0,389.59,166744.52,0.0
2024-04-11,SBI,Stock,Buy,NSE,95.0,602.96,57281.2,0.0
2024-04-11,Bitcoin,Cryptocurrency,Buy,Binance,1.4364,56590.38,81286.42,0.0
2024-04-13,GOLDBEES,ETF,Buy,NSE,437.0,74.92,32740.04,0.0
2024-04-13,ITC,Stock,Buy,NSE,417.0,466.96,194722.32,0.0
2024-04-14,ITC,Stock,Buy,NSE,180.0,363.61,65449.8,0.0
2024-04-16,Tata Motors,Stock,Sell,NSE,251.0,810.65,203473.15,-23376.95
2024-04-17,Bitcoin,Cryptocurrency,Sell,Binance,2.1523,54859.71,118074.55,3407.72
2024-04-18,Reliance Industries,Stock,Sell,NSE,25.0,2766.59,69164.75,23511.78
2024-04-19,HDFC Bank,Stock,Buy,NSE,322.0,1463.83,471353.26,0.0
2024-04-21,NIFTYBEES,ETF,Buy,NSE,167.0,198.21,33101.07,0.0
2024-04-21,ITC,Stock,Sell,NSE,34.0,451.21,15341.14,4521.95
2024-04-23,Tata Motors,Stock,Sell,NSE,170.0,767.82,130529.4,9840.94
2024-04-23,SBI,Stock,Buy,NSE,65.0,832.01,54080.65,0.0
2024-04-25,Bitcoin,Cryptocurrency,Sell,Binance,0.5367,53956.47,28958.44,-1366.89
2024-04-25,Tata Motors,Stock,Buy,NSE,154.0,429.58,66155.32,0.0
2024-04-26,TCS,Stock,Sell,NSE,460.0,4021.5,1849890.0,-230794.13
2024-04-26,ATOM,Cryptocurrency,Buy,Binance,248.07,7.74,1920.06,0.0
2024-04-29,HDFC Bank,Stock,Buy,NSE,156.0,1610.77,251280.12,0.0
2024-04-29,L&T,Stock,Buy,NSE,459.0,2608.1,1197117.9,0.0
2024-05-02,NIFTYBEES,ETF,Sell,NSE,367.0,183.53,67355.51,26747.85
2024-05-03,L&T,Stock,Buy,NSE,150.0,2162.3,324345.0,0.0
2024-05-03,SBI,Stock,Buy,NSE,377.0,807.98,304608.46,0.0
2024-05-04,L&T,Stock,Sell,NSE,449.0,2635.22,1183213.78,47053.78
2024-05-04,Solana,Cryptocurrency,Sell,Binance,488.13,199.22,97245.26,-6823.33
2024-05-05,Ethereum,Cryptocurrency,Sell,Binance,2.0617,2028.48,4182.12,1076.98
2024-05-05,Solana,Cryptocurrency,Buy,Binance,81.45,99.6,8112.42,0.0
2024-05-06,Reliance Industries,Stock,Buy,NSE,25.0,2425.63,60640.75,0.0
2024-05-07,ITC,Stock,Buy,NSE,79.0,432.12,34137.48,0.0
2024-05-08,HDFC Bank,Stock,Buy,NSE,410.0,1325.29,543368.9,0.0
2024-05-09,Solana,Cryptocurrency,Buy,Binance,149.46,196.29,29337.5,0.0
2024-05-12,Infosys,Stock,Buy,NSE,180.0,1674.39,301390.2,0.0
2024-05-12,NIFTYBEES,ETF,Buy,NSE,98.0,256.29,25116.42,0.0
2024-05-13,ITC,Stock,Buy,NSE,190.0,462.16,87810.4,0.0
2024-05-14,HDFC Bank,Stock,Buy,NSE,299.0,1359.01,406343.99,0.0
2024-05-14,L&T,Stock,Buy,NSE,189.0,3643.16,688557.24,0.0
2024-05-14,L&T,Stock,Buy,NSE,44.0,3595.4,158197.6,0.0
2024-05-15,ATOM,Cryptocurrency,Buy,Binance,195.53,10.95,2141.05,0.0
2024-05-16,Reliance Industries,Stock,Buy,NSE,29.0,2848.37,82602.73,0.0
2024-05-16,L&T,Stock,Buy,NSE,333.0,3281.96,1092892.68,0.0
2024-05-16,Infosys,Stock,Sell,NSE,148.0,1330.49,196912.52,11944.4
2024-05-17,HDFC Bank,Stock,Buy,NSE,222.0,1382.76,306972.72,0.0
2024-05-19,Tata Motors,Stock,Buy,NSE,380.0,560.99,213176.2,0.0
2024-05-20,Tata Motors,Stock,Buy,NSE,154.0,502.5,77385.0,0.0
2024-05-21,SBI,Stock,Sell,NSE,198.0,631.83,125102.34,6369.36
2024-05-21,HDFC Bank,Stock,Buy,NSE,404.0,1748.57,706422.28,0.0
2024-05-22,Bitcoin,Cryptocurrency,Sell,Binance,1.1529,63321.38,73003.22,-2189.0
2024-05-23,L&T,Stock,Buy,NSE,218.0,2686.85,585733.3,0.0
2024-05-23,TCS,Stock,Sell,NSE,189.0,3358.58,634771.62,214638.99
2024-05-24,Tata Motors,Stock,Buy,NSE,403.0,829.4,334248.2,0.0
2024-05-25,ATOM,Cryptocurrency,Buy,Binance,482.36,8.15,3931.23,0.0
2024-05-26,SBI,Stock,Sell,NSE,278.0,501.63,139453.14,-5623.05
2024-05-26,Infosys,Stock,Buy,NSE,17.0,1561.36,26543.12,0.0
2024-05-27,Reliance Industries,Stock,Sell,NSE,278.0,2791.78,776114.84,309777.29
2024-05-29,Reliance Industries,Stock,Sell,NSE,418.0,3074.95,1285329.1,-56555.32
2024-05-29,NIFTYBEES,ETF,Sell,NSE,92.0,232.67,21405.64,-2874.47
2024-05-29,NIFTYBEES,ETF,Sell,NSE,28.0,255.71,7159.88,2575.01
2024-05-31,Reliance Industries,Stock,Buy,NSE,319.0,3086.0,984434.0,0.0
2024-05-31,Bitcoin,Cryptocurrency,Buy,Binance,2.3223,63226.52,146830.95,0.0
2024-06-01,SBI,Stock,Buy,NSE,492.0,795.24,391258.08,0.0
2024-06-05,Reliance Industries,Stock,Sell,NSE,103.0,3008.45,309870.35,8109.93
2024-06-08,Ethereum,Cryptocurrency,Buy,Binance,1.0238,2152.77,2204.01,0.0
2024-06-13,ITC,Stock,Sell,NSE,88.0,362.87,31932.56,-3735.47
2024-06-14,L&T,Stock,Buy,NSE,94.0,2979.83,280104.02,0.0
2024-06-16,Bitcoin,Cryptocurrency,Sell,Binance,0.3065,63872.37,19576.88,-462.52
2024-06-18,TCS,Stock,Buy,NSE,174.0,3256.02,566547.48,0.0
2024-06-18,Bitcoin,Cryptocurrency,Buy,Binance,0.4613,55527.69,25614.92,0.0
2024-06-20,Reliance Industries,Stock,Buy,NSE,379.0,2720.7,1031145.3,0.0
2024-06-22,L&T,Stock,Buy,NSE,140.0,3610.78,505509.2,0.0
2024-06-23,TCS,Stock,Buy,NSE,486.0,3910.05,1900284.3,0.0
2024-06-24,L&T,Stock,Sell,NSE,481.0,2337.58,1124375.98,358346.39
2024-06-25,Bitcoin,Cryptocurrency,Sell,Binance,1.9209,39938.77,76718.38,13807.25
2024-06-25,Tata Motors,Stock,Buy,NSE,54.0,593.21,32033.34,0.0
2024-06-25,HDFC Bank,Stock,Buy,NSE,229.0,1662.49,380710.21,0.0
2024-06-25,Solana,Cryptocurrency,Buy,Binance,431.73,172.37,74417.3,0.0
2024-06-26,GOLDBEES,ETF,Sell,NSE,343.0,57.36,19674.48,3812.91
2024-06-26,GOLDBEES,ETF,Sell,NSE,459.0,71.67,32896.53,-469.4
2024-06-26,ATOM,Cryptocurrency,Sell,Binance,181.38,11.28,2045.97,-122.9
2024-06-27,Reliance Industries,Stock,Buy,NSE,337.0,2941.32,991224.84,0.0
2024-06-27,Infosys,Stock,Buy,NSE,29.0,1718.06,49823.74,0.0
2024-06-27,Bitcoin,Cryptocurrency,Buy,Binance,2.1236,32061.73,68086.29,0.0
2024-06-27,ATOM,Cryptocurrency,Buy,Binance,74.02,14.76,1092.54,0.0
2024-06-28,ITC,Stock,Sell,NSE,315.0,397.63,125253.45,30663.91
2024-06-30,NIFTYBEES,ETF,Buy,NSE,141.0,204.23,28796.43,0.0
2024-06-30,L&T,Stock,Buy,NSE,10.0,2604.35,26043.5,0.0
2024-06-30,Ethereum,Cryptocurrency,Buy,Binance,2.4398,3891.75,9495.09,0.0
2024-06-30,HDFC Bank,Stock,Buy,NSE,39.0,1711.38,66743.82,0.0
2024-07-01,Infosys,Stock,Buy,NSE,261.0,1418.1,370124.1,0.0
2024-07-02,L&T,Stock,Sell,NSE,462.0,3773.5,1743357.0,201366.86
2024-07-03,ATOM,Cryptocurrency,Buy,Binance,142.01,8.37,1188.62,0.0
2024-07-05,Reliance Industries,Stock,Buy,NSE,293.0,2747.57,805038.01,0.0
2024-07-06,Ethereum,Cryptocurrency,Sell,Binance,2.0737,2438.37,5056.45,1435.03
2024-07-07,Ethereum,Cryptocurrency,Sell,Binance,0.796,2795.51,2225.23,-323.48
2024-07-08,GOLDBEES,ETF,Sell,NSE,382.0,55.73,21288.86,134.04
2024-07-10,Ethereum,Cryptocurrency,Buy,Binance,1.7961,2405.56,4320.63,0.0
2024-07-11,SBI,Stock,Sell,NSE,285.0,779.97,222291.45,30474.33
2024-07-11,ITC,Stock,Buy,NSE,325.0,382.34,124260.5,0.0
2024-07-12,Bitcoin,Cryptocurrency,Sell,Binance,2.2706,61207.95,138978.77,43146.62
2024-07-13,TCS,Stock,Buy,NSE,143.0,3835.83,548523.69,0.0
2024-07-15,L&T,Stock,Buy,NSE,325.0,2142.58,696338.5,0.0
2024-07-16,SBI,Stock,Buy,NSE,459.0,777.43,356840.37,0.0
2024-07-17,Ethereum,Cryptocurrency,Sell,Binance,1.0359,2237.76,2318.1,354.39
2024-07-19,ITC,Stock,Buy,NSE,255.0,389.64,99358.2,0.0
2024-07-19,SBI,Stock,Buy,NSE,189.0,617.13,116637.57,0.0
2024-07-20,Infosys,Stock,Buy,NSE,7.0,1781.93,12473.51,0.0
2024-07-20,ATOM,Cryptocurrency,Buy,Binance,137.31,9.29,1275.61,0.0
2024-07-21,L&T,Stock,Sell,NSE,432.0,3176.01,1372036.32,-147067.74
2024-07-23,HDFC Bank,Stock,Buy,NSE,167.0,1406.45,234877.15,0.0
2024-07-23,SBI,Stock,Sell,NSE,8.0,811.61,6492.88,98.59
2024-07-23,Infosys,Stock,Buy,NSE,484.0,1582.78,766065.52,0.0
2024-07-23,NIFTYBEES,ETF,Buy,NSE,257.0,261.04,67087.28,0.0
2024-07-23,Tata Motors,Stock,Sell,NSE,139.0,452.88,62950.32,-1764.27
2024-07-24,Ethereum,Cryptocurrency,Sell,Binance,1.5874,3036.2,4819.66,346.37
2024-07-24,NIFTYBEES,ETF,Sell,NSE,484.0,226.63,109688.92,-7114.08
2024-07-24,ITC,Stock,Sell,NSE,180.0,456.08,82094.4,20490.96
2024-07-25,Tata Motors,Stock,Buy,NSE,401.0,758.13,304010.13,0.0
2024-07-25,ATOM,Cryptocurrency,Buy,Binance,206.29,9.29,1916.43,0.0
2024-07-26,L&T,Stock,Sell,NSE,54.0,3510.15,189548.1,18465.8
2024-07-31,TCS,Stock,Buy,NSE,28.0,3842.52,107590.56,0.0
2024-08-02,L&T,Stock,Sell,NSE,500.0,2114.02,1057010.0,154773.84
2024-08-02,ITC,Stock,Sell,NSE,393.0,418.03,164285.79,51975.19
2024-08-02,ATOM,Cryptocurrency,Sell,Binance,440.55,11.63,5123.6,1740.6
2024-08-04,TCS,Stock,Buy,NSE,174.0,3584.63,623725.62,0.0
2024-08-05,Infosys,Stock,Buy,NSE,69.0,1441.06,99433.14,0.0
2024-08-06,Bitcoin,Cryptocurrency,Buy,Binance,1.1258,61056.76,68737.7,0.0
2024-08-07,Infosys,Stock,Buy,NSE,134.0,1361.8,182481.2,0.0
2024-08-08,HDFC Bank,Stock,Buy,NSE,268.0,1403.5,376138.0,0.0
2024-08-10,L&T,Stock,Sell,NSE,298.0,2075.19,618406.62,110175.44
2024-08-11,L&T,Stock,Buy,NSE,457.0,2791.2,1275578.4,0.0
2024-08-12,Tata Motors,Stock,Sell,NSE,183.0,654.12,119703.96,-5414.29
2024-08-13,Infosys,Stock,Buy,NSE,24.0,1621.13,38907.12,0.0
2024-08-13,ITC,Stock,Buy,NSE,374.0,381.04,142508.96,0.0
2024-08-14,TCS,Stock,Buy,NSE,275.0,3740.32,1028588.0,0.0
2024-08-15,Infosys,Stock,Buy,NSE,399.0,1725.38,688426.62,0.0
2024-08-19,NIFTYBEES,ETF,Buy,NSE,457.0,253.37,115790.09,0.0
2024-08-20,Ethereum,Cryptocurrency,Buy,Binance,0.4341,1608.71,698.34,0.0
2024-08-21,Bitcoin,Cryptocurrency,Sell,Binance,1.0381,61396.39,63735.59,20358.11
2024-08-23,GOLDBEES,ETF,Sell,NSE,360.0,74.22,26719.2,9065.29
2024-08-24,Ethereum,Cryptocurrency,Buy,Binance,1.1508,2190.5,2520.83,0.0
2024-08-25,Reliance Industries,Stock,Buy,NSE,314.0,2839.39,891568.46,0.0
2024-08-28,TCS,Stock,Buy,NSE,363.0,3702.73,1344090.99,0.0
2024-08-29,ITC,Stock,Buy,NSE,158.0,448.21,70817.18,0.0
2024-08-30,TCS,Stock,Sell,NSE,373.0,3125.9,1165960.7,221222.24
2024-08-31,Infosys,Stock,Buy,NSE,260.0,1424.36,370333.6,0.0
2024-09-03,SBI,Stock,Buy,NSE,20.0,785.2,15704.0,0.0
2024-09-03,ITC,Stock,Buy,NSE,428.0,428.45,183376.6,0.0
2024-09-03,HDFC Bank,Stock,Buy,NSE,297.0,1594.65,473611.05,0.0
2024-09-05,Ethereum,Cryptocurrency,Buy,Binance,1.682,2017.13,3392.81,0.0
2024-09-06,HDFC Bank,Stock,Buy,NSE,138.0,1320.69,182255.22,0.0
2024-09-07,SBI,Stock,Buy,NSE,299.0,695.33,207903.67,0.0
2024-09-08,Ethereum,Cryptocurrency,Sell,Binance,0.7445,3623.67,2697.82,536.12
2024-09-09,L&T,Stock,Sell,NSE,116.0,2564.97,297536.52,101719.98
2024-09-11,Solana,Cryptocurrency,Sell,Binance,284.67,94.11,26790.29,1797.99
2024-09-11,SBI,Stock,Sell,NSE,5.0,695.0,3475.0,1057.27
2024-09-14,Tata Motors,Stock,Sell,NSE,123.0,460.74,56671.02,8070.72
2024-09-14,Tata Motors,Stock,Sell,NSE,289.0,732.11,211579.79,-15285.45
2024-09-14,GOLDBEES,ETF,Sell,NSE,26.0,65.73,1708.98,443.65
2024-09-17,NIFTYBEES,ETF,Sell,NSE,393.0,273.08,107320.44,20801.15
2024-09-17,L&T,Stock,Buy,NSE,104.0,3304.85,343704.4,0.0
2024-09-19,Tata Motors,Stock,Sell,NSE,271.0,848.74,230008.54,87642.3
2024-09-19,HDFC Bank,Stock,Buy,NSE,72.0,1581.92,113898.24,0.0
2024-09-21,Solana,Cryptocurrency,Sell,Binance,326.32,95.02,31006.93,-1446.02
2024-09-21,Ethereum,Cryptocurrency,Sell,Binance,2.3462,2895.05,6792.37,535.06
2024-09-23,Tata Motors,Stock,Buy,NSE,368.0,965.6,355340.8,0.0
2024-09-25,Tata Motors,Stock,Sell,NSE,327.0,632.82,206932.14,14991.49
2024-09-27,Tata Motors,Stock,Sell,NSE,342.0,597.01,204177.42,3700.01
2024-09-28,ITC,Stock,Sell,NSE,392.0,398.6,156251.2,39167.13
2024-09-29,SBI,Stock,Sell,NSE,360.0,701.21,252435.6,23608.47
2024-09-30,Reliance Industries,Stock,Sell,NSE,251.0,2975.82,746930.82,-64275.22
2024-09-30,NIFTYBEES,ETF,Sell,NSE,267.0,245.16,65457.72,-9096.74
2024-10-04,Ethereum,Cryptocurrency,Buy,Binance,0.9596,3714.15,3564.1,0.0
2024-10-04,L&T,Stock,Buy,NSE,49.0,2597.09,127257.41,0.0
2024-10-04,L&T,Stock,Buy,NSE,25.0,2531.63,63290.75,0.0
2024-10-05,Infosys,Stock,Buy,NSE,355.0,1314.41,466615.55,0.0
2024-10-06,L&T,Stock,Sell,NSE,102.0,2369.99,241738.98,18155.55
2024-10-06,Ethereum,Cryptocurrency,Buy,Binance,1.8717,3425.98,6412.41,0.0
2024-10-08,ITC,Stock,Sell,NSE,487.0,359.75,175198.25,60262.64
2024-10-08,Solana,Cryptocurrency,Buy,Binance,351.84,194.52,68439.92,0.0
2024-10-09,Ethereum,Cryptocurrency,Sell,Binance,1.481,2540.07,3761.84,1095.62
2024-10-09,Tata Motors,Stock,Buy,NSE,385.0,714.89,275232.65,0.0
2024-10-10,Ethereum,Cryptocurrency,Sell,Binance,0.2822,1596.28,450.47,45.63
2024-10-11,Reliance Industries,Stock,Buy,NSE,394.0,2236.38,881133.72,0.0
2024-10-13,Infosys,Stock,Sell,NSE,455.0,1682.72,765637.6,294841.54
2024-10-16,L&T,Stock,Buy,NSE,251.0,3296.46,827411.46,0.0
2024-10-19,Tata Motors,Stock,Buy,NSE,52.0,886.64,46105.28,0.0
2024-10-21,NIFTYBEES,ETF,Buy,NSE,273.0,250.51,68389.23,0.0
2024-10-21,Tata Motors,Stock,Sell,NSE,335.0,647.59,216942.65,69053.36
2024-10-22,ITC,Stock,Buy,NSE,177.0,402.2,71189.4,0.0
2024-10-22,ATOM,Cryptocurrency,Buy,Binance,178.12,14.63,2605.9,0.0
2024-10-24,Reliance Industries,Stock,Sell,NSE,328.0,2770.5,908724.0,54857.7
2024-10-25,SBI,Stock,Sell,NSE,256.0,598.12,153118.72,49308.69
2024-10-26,Solana,Cryptocurrency,Buy,Binance,26.37,163.86,4320.99,0.0
2024-10-27,SBI,Stock,Buy,NSE,462.0,547.07,252746.34,0.0
2024-10-30,ITC,Stock,Buy,NSE,333.0,419.53,139703.49,0.0
2024-10-31,GOLDBEES,ETF,Buy,NSE,330.0,59.73,19710.9,0.0
2024-11-01,Bitcoin,Cryptocurrency,Sell,Binance,1.2758,29512.54,37652.1,10630.87
2024-11-03,L&T,Stock,Buy,NSE,297.0,3690.45,1096063.65,0.0
2024-11-03,Ethereum,Cryptocurrency,Sell,Binance,2.1166,1902.32,4026.45,-591.47
2024-11-06,Infosys,Stock,Sell,NSE,254.0,1541.27,391482.58,119064.68
2024-11-07,TCS,Stock,Buy,NSE,372.0,3028.5,1126602.0,0.0
2024-11-07,GOLDBEES,ETF,Buy,NSE,340.0,68.03,23130.2,0.0
2024-11-08,NIFTYBEES,ETF,Buy,NSE,251.0,227.14,57012.14,0.0
2024-11-08,Tata Motors,Stock,Sell,NSE,58.0,997.61,57861.38,-326.99
2024-11-09,HDFC Bank,Stock,Buy,NSE,263.0,1330.68,349968.84,0.0
2024-11-10,GOLDBEES,ETF,Sell,NSE,357.0,58.98,21055.86,5872.57
2024-11-11,Bitcoin,Cryptocurrency,Buy,Binance,0.8299,65938.09,54722.02,0.0
2024-11-11,HDFC Bank,Stock,Buy,NSE,152.0,1659.47,252239.44,0.0
2024-11-13,Tata Motors,Stock,Sell,NSE,132.0,933.78,123258.96,-2693.6
2024-11-14,Reliance Industries,Stock,Buy,NSE,265.0,2634.64,698179.6,0.0
2024-11-17,ATOM,Cryptocurrency,Buy,Binance,59.02,11.9,702.34,0.0
2024-11-18,ATOM,Cryptocurrency,Sell,Binance,122.87,7.06,867.46,256.89
2024-11-19,Tata Motors,Stock,Sell,NSE,136.0,726.24,98768.64,-4547.15
2024-11-19,NIFTYBEES,ETF,Buy,NSE,414.0,199.61,82638.54,0.0
2024-11-20,HDFC Bank,Stock,Buy,NSE,274.0,1398.46,383178.04,0.0
2024-11-22,ITC,Stock,Sell,NSE,51.0,350.69,17885.19,5415.47
2024-11-23,Reliance Industries,Stock,Buy,NSE,344.0,2660.36,915163.84,0.0
2024-11-24,ITC,Stock,Sell,NSE,26.0,402.63,10468.38,1929.97
2024-11-25,L&T,Stock,Buy,NSE,239.0,3631.92,868028.88,0.0
2024-11-27,Ethereum,Cryptocurrency,Buy,Binance,1.3953,1717.57,2396.53,0.0
2024-11-27,SBI,Stock,Buy,NSE,355.0,506.43,179782.65,0.0
2024-11-27,L&T,Stock,Sell,NSE,101.0,3013.6,304373.6,94411.6
2024-11-28,NIFTYBEES,ETF,Buy,NSE,248.0,261.38,64822.24,0.0
2024-11-28,GOLDBEES,ETF,Sell,NSE,407.0,60.51,24627.57,7134.71
2024-11-29,TCS,Stock,Buy,NSE,26.0,3649.77,94894.02,0.0
2024-12-03,Bitcoin,Cryptocurrency,Buy,Binance,1.0289,58412.99,60101.13,0.0
2024-12-05,SBI,Stock,Buy,NSE,285.0,807.54,230148.9,0.0
2024-12-05,L&T,Stock,Sell,NSE,77.0,3268.45,251670.65,69436.33
2024-12-07,Tata Motors,Stock,Sell,NSE,223.0,743.74,165854.02,63654.02
2024-12-08,Bitcoin,Cryptocurrency,Buy,Binance,0.1093,35972.22,3931.76,0.0
2024-12-12,Infosys,Stock,Buy,NSE,110.0,1736.37,191000.7,0.0
2024-12-13,HDFC Bank,Stock,Buy,NSE,84.0,1507.17,126602.28,0.0
2024-12-15,Solana,Cryptocurrency,Sell,Binance,167.11,155.26,25945.5,830.05
2024-12-17,HDFC Bank,Stock,Sell,NSE,313.0,1545.98,483891.74,-20295.39
2024-12-17,NIFTYBEES,ETF,Sell,NSE,104.0,231.82,24109.28,-3170.73
2024-12-20,ITC,Stock,Sell,NSE,320.0,471.21,150787.2,47306.01
2024-12-21,Infosys,Stock,Buy,NSE,340.0,1377.64,468397.6,0.0
2024-12-21,ITC,Stock,Buy,NSE,466.0,435.72,203045.52,0.0
2024-12-25,NIFTYBEES,ETF,Buy,NSE,107.0,247.03,26432.21,0.0
2024-12-26,ITC,Stock,Buy,NSE,329.0,356.98,117446.42,0.0
2024-12-27,Bitcoin,Cryptocurrency,Buy,Binance,0.1288,63632.59,8195.88,0.0
2024-12-28,Tata Motors,Stock,Buy,NSE,425.0,977.85,415586.25,0.0
2025-01-02,NIFTYBEES,ETF,Buy,NSE,438.0,208.59,91362.42,0.0
2025-01-05,ATOM,Cryptocurrency,Sell,Binance,39.18,13.81,541.08,-37.2
2025-01-09,Solana,Cryptocurrency,Buy,Binance,400.42,127.46,51037.53,0.0
2025-01-10,Reliance Industries,Stock,Buy,NSE,227.0,2558.67,580818.09,0.0
2025-01-10,SBI,Stock,Buy,NSE,187.0,714.8,133667.6,0.0
2025-01-11,Tata Motors,Stock,Buy,NSE,118.0,568.16,67042.88,0.0
2025-01-11,HDFC Bank,Stock,Buy,NSE,433.0,1418.53,614223.49,0.0
2025-01-13,TCS,Stock,Sell,NSE,169.0,3928.84,663973.96,-1207.78
2025-01-15,Infosys,Stock,Sell,NSE,364.0,1568.88,571072.32,190310.12
2025-01-16,Tata Motors,Stock,Buy,NSE,387.0,650.49,251739.63,0.0
2025-01-17,Infosys,Stock,Buy,NSE,126.0,1672.67,210756.42,0.0
2025-01-25,Ethereum,Cryptocurrency,Sell,Binance,0.3213,3635.53,1168.1,-24.48
2025-01-25,SBI,Stock,Sell,NSE,42.0,537.26,22564.92,2859.95
2025-01-26,Reliance Industries,Stock,Sell,NSE,45.0,2935.39,132092.55,13539.75
2025-01-26,Solana,Cryptocurrency,Buy,Binance,339.46,82.15,27886.64,0.0
2025-01-28,Bitcoin,Cryptocurrency,Buy,Binance,0.2757,32019.8,8827.86,0.0
2025-01-28,SBI,Stock,Buy,NSE,458.0,558.76,255912.08,0.0
2025-02-03,Ethereum,Cryptocurrency,Buy,Binance,2.2797,1522.24,3470.25,0.0
2025-02-04,TCS,Stock,Buy,NSE,174.0,4067.49,707743.26,0.0
2025-02-07,ATOM,Cryptocurrency,Sell,Binance,353.58,7.98,2821.57,818.51
2025-02-11,TCS,Stock,Buy,NSE,446.0,3960.13,1766217.98,0.0
2025-02-14,Infosys,Stock,Buy,NSE,228.0,1666.18,379889.04,0.0
2025-02-15,NIFTYBEES,ETF,Sell,NSE,453.0,183.74,83234.22,16828.01
2025-02-15,HDFC Bank,Stock,Sell,NSE,226.0,1406.11,317780.86,101998.06
2025-02-15,ATOM,Cryptocurrency,Buy,Binance,304.12,10.25,3117.23,0.0
2025-02-15,GOLDBEES,ETF,Buy,NSE,20.0,70.55,1411.0,0.0
2025-02-15,Solana,Cryptocurrency,Buy,Binance,475.13,160.96,76476.92,0.0
2025-02-16,Tata Motors,Stock,Buy,NSE,284.0,627.23,178133.32,0.0
2025-02-17,L&T,Stock,Buy,NSE,332.0,3100.49,1029362.68,0.0
2025-02-17,Solana,Cryptocurrency,Buy,Binance,355.02,135.45,48087.46,0.0
2025-02-17,Infosys,Stock,Buy,NSE,95.0,1470.38,139686.1,0.0
2025-02-18,Ethereum,Cryptocurrency,Sell,Binance,1.1949,1740.75,2080.02,391.28
2025-02-18,Ethereum,Cryptocurrency,Sell,Binance,2.4224,2107.72,5105.74,865.89
2025-02-19,Tata Motors,Stock,Buy,NSE,483.0,665.8,321581.4,0.0
2025-02-20,Bitcoin,Cryptocurrency,Sell,Binance,1.6971,61020.27,103557.5,19795.04
2025-02-22,Infosys,Stock,Buy,NSE,322.0,1425.67,459065.74,0.0
2025-02-23,Reliance Industries,Stock,Sell,NSE,39.0,2342.24,91347.36,14299.26
2025-02-23,Reliance Industries,Stock,Sell,NSE,90.0,2332.18,209896.2,-1670.18
2025-02-24,Reliance Industries,Stock,Buy,NSE,448.0,2483.91,1112791.68,0.0
2025-02-25,ITC,Stock,Buy,NSE,428.0,386.48,165413.44,0.0
2025-02-27,ATOM,Cryptocurrency,Buy,Binance,451.22,10.52,4746.83,0.0
2025-02-27,SBI,Stock,Buy,NSE,268.0,769.67,206271.56,0.0
2025-03-01,GOLDBEES,ETF,Sell,NSE,331.0,70.54,23348.74,8482.31
2025-03-07,Infosys,Stock,Buy,NSE,453.0,1441.63,653058.39,0.0
2025-03-08,Infosys,Stock,Buy,NSE,198.0,1334.42,264215.16,0.0
2025-03-09,GOLDBEES,ETF,Buy,NSE,485.0,50.03,24264.55,0.0
2025-03-10,GOLDBEES,ETF,Sell,NSE,343.0,74.87,25680.41,-2325.04
2025-03-17,Tata Motors,Stock,Buy,NSE,442.0,552.18,244063.56,0.0
2025-03-21,SBI,Stock,Buy,NSE,62.0,822.14,50972.68,0.0
2025-03-21,Ethereum,Cryptocurrency,Buy,Binance,0.9883,1739.79,1719.43,0.0
2025-03-23,GOLDBEES,ETF,Sell,NSE,185.0,60.31,11157.35,1495.95
2025-03-25,HDFC Bank,Stock,Buy,NSE,373.0,1670.95,623264.35,0.0
2025-03-27,Bitcoin,Cryptocurrency,Buy,Binance,0.668,37560.05,25090.11,0.0
2025-03-28,ITC,Stock,Buy,NSE,243.0,384.23,93367.89,0.0
2025-03-28,Solana,Cryptocurrency,Buy,Binance,386.11,160.45,61951.35,0.0
2025-03-29,ATOM,Cryptocurrency,Sell,Binance,356.76,6.66,2376.02,330.19
2025-03-29,L&T,Stock,Buy,NSE,380.0,2353.58,894360.4,0.0
2025-03-31,L&T,Stock,Sell,NSE,300.0,3315.42,994626.0,59528.72
2025-03-31,HDFC Bank,Stock,Sell,NSE,423.0,1678.69,710085.87,42511.12
2025-04-01,Reliance Industries,Stock,Buy,NSE,16.0,2390.07,38241.12,0.0
2025-04-01,NIFTYBEES,ETF,Buy,NSE,309.0,189.31,58496.79,0.0
2025-04-04,Solana,Cryptocurrency,Buy,Binance,267.83,54.1,14489.6,0.0
2025-04-04,SBI,Stock,Buy,NSE,462.0,845.52,390630.24,0.0
2025-04-04,SBI,Stock,Sell,NSE,37.0,752.1,27827.7,7396.0
2025-04-06,Ethereum,Cryptocurrency,Buy,Binance,1.6618,3630.0,6032.33,0.0
2025-04-07,SBI,Stock,Buy,NSE,81.0,688.98,55807.38,0.0
2025-04-08,Tata Motors,Stock,Buy,NSE,409.0,825.49,337625.41,0.0
2025-04-08,Tata Motors,Stock,Buy,NSE,404.0,932.62,376778.48,0.0
2025-04-11,Ethereum,Cryptocurrency,Buy,Binance,2.2186,2245.14,4981.07,0.0
2025-04-12,Ethereum,Cryptocurrency,Buy,Binance,1.281,2312.73,2962.61,0.0
2025-04-12,Infosys,Stock,Buy,NSE,188.0,1750.69,329129.72,0.0
2025-04-12,Solana,Cryptocurrency,Buy,Binance,150.44,48.97,7367.05,0.0
2025-04-13,Ethereum,Cryptocurrency,Buy,Binance,0.5661,2055.63,1163.69,0.0
2025-04-14,Ethereum,Cryptocurrency,Buy,Binance,1.5202,2041.48,3103.46,0.0
2025-04-15,Reliance Industries,Stock,Buy,NSE,416.0,2508.94,1043719.04,0.0
2025-04-16,SBI,Stock,Sell,NSE,204.0,610.74,124590.96,27449.17
2025-04-16,GOLDBEES,ETF,Buy,NSE,192.0,53.46,10264.32,0.0
2025-04-16,Reliance Industries,Stock,Sell,NSE,276.0,2344.31,647029.56,-41886.1
2025-04-19,ITC,Stock,Buy,NSE,108.0,437.27,47225.16,0.0
2025-04-21,GOLDBEES,ETF,Sell,NSE,246.0,65.52,16117.92,5466.95
2025-04-21,NIFTYBEES,ETF,Buy,NSE,434.0,198.41,86109.94,0.0
2025-04-23,Solana,Cryptocurrency,Buy,Binance,292.35,144.13,42136.41,0.0
2025-04-23,Bitcoin,Cryptocurrency,Buy,Binance,0.127,56182.12,7135.13,0.0
2025-04-24,Bitcoin,Cryptocurrency,Sell,Binance,1.8513,64061.59,118597.22,38622.7
2025-04-26,Tata Motors,Stock,Sell,NSE,153.0,533.25,81587.25,23048.61
2025-04-28,HDFC Bank,Stock,Buy,NSE,254.0,1648.65,418757.1,0.0
2025-04-29,GOLDBEES,ETF,Buy,NSE,85.0,59.83,5085.55,0.0
2025-04-29,HDFC Bank,Stock,Buy,NSE,48.0,1427.55,68522.4,0.0
2025-04-30,GOLDBEES,ETF,Sell,NSE,340.0,51.33,17452.2,6454.64
2025-05-01,ITC,Stock,Sell,NSE,397.0,425.74,169018.78,-8444.81
2025-05-02,HDFC Bank,Stock,Buy,NSE,171.0,1584.81,271002.51,0.0
2025-05-08,ITC,Stock,Buy,NSE,337.0,450.73,151896.01,0.0
2025-05-08,TCS,Stock,Sell,NSE,440.0,3462.86,1523658.4,172226.36
2025-05-09,ATOM,Cryptocurrency,Sell,Binance,424.79,7.97,3385.58,976.96
2025-05-10,HDFC Bank,Stock,Buy,NSE,307.0,1504.06,461746.42,0.0
2025-05-10,Infosys,Stock,Buy,NSE,257.0,1610.33,413854.81,0.0
2025-05-11,Solana,Cryptocurrency,Sell,Binance,464.08,70.67,32796.53,1960.49
2025-05-13,Solana,Cryptocurrency,Sell,Binance,28.5,34.41,980.68,60.19
2025-05-14,L&T,Stock,Buy,NSE,472.0,2872.42,1355782.24,0.0
2025-05-14,HDFC Bank,Stock,Buy,NSE,395.0,1520.31,600522.45,0.0
2025-05-14,ITC,Stock,Buy,NSE,467.0,360.26,168241.42,0.0
2025-05-15,Bitcoin,Cryptocurrency,Sell,Binance,2.3694,56525.24,133930.9,21426.74
2025-05-16,Reliance Industries,Stock,Sell,NSE,51.0,2947.78,150336.78,1020.51
2025-05-16,Solana,Cryptocurrency,Sell,Binance,85.03,105.39,8961.31,2082.21
2025-05-17,Reliance Industries,Stock,Buy,NSE,488.0,2725.22,1329907.36,0.0
2025-05-17,ATOM,Cryptocurrency,Buy,Binance,257.06,11.3,2904.78,0.0
2025-05-20,NIFTYBEES,ETF,Sell,NSE,469.0,239.0,112091.0,-14553.79
2025-05-20,TCS,Stock,Sell,NSE,96.0,4125.36,396034.56,130858.15
2025-05-21,Reliance Industries,Stock,Buy,NSE,399.0,2248.44,897127.56,0.0
2025-05-23,ITC,Stock,Buy,NSE,189.0,468.0,88452.0,0.0
2025-05-25,ITC,Stock,Sell,NSE,395.0,469.07,185282.65,-2495.51
2025-05-27,Bitcoin,Cryptocurrency,Buy,Binance,1.5503,36236.29,56177.12,0.0
2025-05-27,L&T,Stock,Buy,NSE,200.0,2667.84,533568.0,0.0
2025-05-27,L&T,Stock,Sell,NSE,406.0,2743.81,1113986.86,174516.59
2025-05-28,ATOM,Cryptocurrency,Buy,Binance,313.14,6.82,2135.61,0.0
2025-05-30,Solana,Cryptocurrency,Buy,Binance,358.07,134.64,48210.54,0.0
2025-05-30,Bitcoin,Cryptocurrency,Sell,Binance,0.533,28830.71,15366.77,3961.35
2025-06-01,Infosys,Stock,Buy,NSE,245.0,1725.61,422774.45,0.0
2025-06-02,GOLDBEES,ETF,Sell,NSE,227.0,68.53,15556.31,3198.51
2025-06-03,Infosys,Stock,Buy,NSE,286.0,1696.23,485121.78,0.0
2025-06-06,TCS,Stock,Sell,NSE,396.0,3219.45,1274902.2,451065.19
2025-06-08,SBI,Stock,Buy,NSE,323.0,714.8,230880.4,0.0
2025-06-09,HDFC Bank,Stock,Sell,NSE,407.0,1693.06,689075.42,162088.91
2025-06-10,TCS,Stock,Sell,NSE,21.0,4127.59,86679.39,10952.93
2025-06-11,L&T,Stock,Buy,NSE,222.0,3037.02,674218.44,0.0
2025-06-11,L&T,Stock,Buy,NSE,358.0,3479.49,1245657.42,0.0
2025-06-11,ITC,Stock,Buy,NSE,285.0,383.76,109371.6,0.0
2025-06-12,SBI,Stock,Sell,NSE,63.0,778.67,49056.21,3052.85
2025-06-12,Ethereum,Cryptocurrency,Sell,Binance,2.3911,1918.49,4587.3,669.22
2025-06-15,Reliance Industries,Stock,Buy,NSE,239.0,2522.17,602798.63,0.0
2025-06-16,Tata Motors,Stock,Buy,NSE,340.0,606.71,206281.4,0.0
2025-06-16,ATOM,Cryptocurrency,Buy,Binance,304.56,11.83,3602.94,0.0
2025-06-16,Solana,Cryptocurrency,Buy,Binance,375.17,196.52,73728.41,0.0
2025-06-18,L&T,Stock,Sell,NSE,41.0,2073.18,85000.38,26260.96
2025-06-19,Ethereum,Cryptocurrency,Buy,Binance,1.2596,3010.53,3792.06,0.0
2025-06-20,HDFC Bank,Stock,Sell,NSE,369.0,1572.12,580112.28,120235.64
2025-06-21,Reliance Industries,Stock,Buy,NSE,180.0,2644.22,475959.6,0.0
2025-06-23,ITC,Stock,Sell,NSE,169.0,428.8,72467.2,9222.22
2025-06-23,TCS,Stock,Buy,NSE,63.0,3303.29,208107.27,0.0
2025-06-24,TCS,Stock,Sell,NSE,270.0,3714.92,1003028.4,-75932.12
2025-06-24,ITC,Stock,Sell,NSE,251.0,449.06,112714.06,17765.19
2025-06-24,Solana,Cryptocurrency,Sell,Binance,401.83,52.64,21152.33,6742.05
2025-06-25,TCS,Stock,Sell,NSE,195.0,3715.45,724512.75,198471.83
2025-06-25,Bitcoin,Cryptocurrency,Sell,Binance,0.1665,46943.9,7816.16,415.74
2025-06-26,Solana,Cryptocurrency,Buy,Binance,270.21,156.23,42214.91,0.0
2025-07-02,GOLDBEES,ETF,Buy,NSE,337.0,51.0,17187.0,0.0
2025-07-03,TCS,Stock,Buy,NSE,378.0,3164.71,1196260.38,0.0
2025-07-06,ITC,Stock,Buy,NSE,212.0,429.6,91075.2,0.0
2025-07-07,ATOM,Cryptocurrency,Buy,Binance,389.04,7.88,3065.64,0.0
2025-07-08,Solana,Cryptocurrency,Buy,Binance,95.12,198.48,18879.42,0.0
2025-07-10,GOLDBEES,ETF,Sell,NSE,384.0,56.84,21826.56,-112.98
2025-07-11,Bitcoin,Cryptocurrency,Sell,Binance,0.6657,38305.27,25499.82,1323.75
2025-07-11,Reliance Industries,Stock,Buy,NSE,357.0,2821.68,1007339.76,0.0
2025-07-12,NIFTYBEES,ETF,Buy,NSE,297.0,225.07,66845.79,0.0
2025-07-13,SBI,Stock,Sell,NSE,161.0,781.78,125866.58,30460.63
2025-07-17,Reliance Industries,Stock,Buy,NSE,174.0,2646.57,460503.18,0.0
2025-07-18,HDFC Bank,Stock,Buy,NSE,273.0,1474.37,402503.01,0.0
2025-07-18,Solana,Cryptocurrency,Buy,Binance,201.02,187.69,37729.44,0.0
2025-07-18,Tata Motors,Stock,Sell,NSE,217.0,651.76,141431.92,-9574.48
2025-07-20,ITC,Stock,Sell,NSE,366.0,440.62,161266.92,-19573.12
2025-07-20,Bitcoin,Cryptocurrency,Buy,Binance,1.0471,61771.38,64680.81,0.0
2025-07-20,Reliance Industries,Stock,Sell,NSE,218.0,2820.77,614927.86,58032.5
2025-07-21,GOLDBEES,ETF,Buy,NSE,357.0,53.45,19081.65,0.0
2025-07-21,GOLDBEES,ETF,Sell,NSE,241.0,71.95,17339.95,1646.37
2025-07-23,Solana,Cryptocurrency,Buy,Binance,261.93,49.85,13057.21,0.0
2025-07-24,NIFTYBEES,ETF,Buy,NSE,214.0,202.63,43362.82,0.0
2025-07-24,Reliance Industries,Stock,Sell,NSE,14.0,2977.85,41689.9,453.28
2025-07-25,ATOM,Cryptocurrency,Sell,Binance,16.06,11.89,190.95,62.55
2025-07-27,ATOM,Cryptocurrency,Buy,Binance,347.24,10.67,3705.05,0.0
2025-07-28,GOLDBEES,ETF,Sell,NSE,256.0,63.74,16317.44,-1069.21
2025-07-29,HDFC Bank,Stock,Buy,NSE,344.0,1617.04,556261.76,0.0
2025-07-30,Infosys,Stock,Buy,NSE,70.0,1675.08,117255.6,0.0
2025-07-31,NIFTYBEES,ETF,Buy,NSE,306.0,216.77,66331.62,0.0
2025-08-03,Reliance Industries,Stock,Buy,NSE,252.0,2432.79,613063.08,0.0
2025-08-03,Tata Motors,Stock,Buy,NSE,162.0,690.26,111822.12,0.0
2025-08-04,Infosys,Stock,Sell,NSE,216.0,1383.17,298764.72,36208.82
2025-08-04,NIFTYBEES,ETF,Sell,NSE,299.0,255.28,76328.72,9739.63
2025-08-05,TCS,Stock,Buy,NSE,201.0,4158.39,835836.39,0.0
2025-08-09,Ethereum,Cryptocurrency,Buy,Binance,2.0373,3215.03,6549.98,0.0
2025-08-09,L&T,Stock,Sell,NSE,443.0,3061.28,1356147.04,13628.65
2025-08-09,GOLDBEES,ETF,Sell,NSE,294.0,64.16,18863.04,4011.74
2025-08-10,TCS,Stock,Buy,NSE,446.0,3433.92,1531528.32,0.0
2025-08-10,Ethereum,Cryptocurrency,Sell,Binance,0.4681,1856.14,868.86,164.46
2025-08-10,Reliance Industries,Stock,Buy,NSE,7.0,2563.56,17944.92,0.0
2025-08-12,Bitcoin,Cryptocurrency,Buy,Binance,0.3654,43484.51,15889.24,0.0
2025-08-14,ITC,Stock,Buy,NSE,449.0,415.06,186361.94,0.0
2025-08-15,Bitcoin,Cryptocurrency,Buy,Binance,0.0279,30302.29,845.43,0.0
2025-08-16,L&T,Stock,Sell,NSE,392.0,2216.51,868871.92,84256.12
2025-08-17,GOLDBEES,ETF,Buy,NSE,54.0,74.01,3996.54,0.0
2025-08-19,ATOM,Cryptocurrency,Buy,Binance,347.05,11.55,4008.43,0.0
2025-08-19,HDFC Bank,Stock,Sell,NSE,377.0,1621.84,611433.68,-88956.11
2025-08-20,Bitcoin,Cryptocurrency,Buy,Binance,0.2448,50722.53,12416.88,0.0
2025-08-20,HDFC Bank,Stock,Sell,NSE,331.0,1300.32,430405.92,55211.07
2025-08-21,Reliance Industries,Stock,Sell,NSE,208.0,2602.75,541372.0,-81147.55
2025-08-21,NIFTYBEES,ETF,Buy,NSE,489.0,239.75,117237.75,0.0
2025-08-21,HDFC Bank,Stock,Buy,NSE,429.0,1691.55,725674.95,0.0
2025-08-25,GOLDBEES,ETF,Buy,NSE,441.0,56.78,25039.98,0.0
2025-08-26,ITC,Stock,Buy,NSE,160.0,474.96,75993.6,0.0
2025-08-26,HDFC Bank,Stock,Sell,NSE,376.0,1633.41,614162.16,180925.5
2025-08-26,Ethereum,Cryptocurrency,Sell,Binance,2.25,3867.31,8701.45,1826.77
2025-08-27,L&T,Stock,Buy,NSE,153.0,2989.4,457378.2,0.0
2025-08-27,GOLDBEES,ETF,Sell,NSE,385.0,56.29,21671.65,5101.14
2025-08-27,Ethereum,Cryptocurrency,Buy,Binance,0.8768,3787.52,3320.9,0.0
2025-08-30,Bitcoin,Cryptocurrency,Buy,Binance,1.5876,68579.86,108877.39,0.0
2025-08-31,TCS,Stock,Sell,NSE,435.0,3523.35,1532657.25,73134.27
2025-08-31,Bitcoin,Cryptocurrency,Buy,Binance,1.7061,66538.31,113521.01,0.0
2025-09-02,TCS,Stock,Buy,NSE,332.0,4041.91,1341914.12,0.0
2025-09-03,GOLDBEES,ETF,Sell,NSE,406.0,50.98,20697.88,2945.03
2025-09-03,GOLDBEES,ETF,Buy,NSE,61.0,52.23,3186.03,0.0
2025-09-05,Reliance Industries,Stock,Buy,NSE,141.0,2331.48,328738.68,0.0
2025-09-07,Infosys,Stock,Buy,NSE,12.0,1345.1,16141.2,0.0
2025-09-12,Reliance Industries,Stock,Buy,NSE,211.0,3026.38,638566.18,0.0
2025-09-15,L&T,Stock,Buy,NSE,343.0,2119.88,727118.84,0.0
2025-09-17,HDFC Bank,Stock,Buy,NSE,171.0,1561.45,267007.95,0.0
2025-09-18,L&T,Stock,Sell,NSE,50.0,2408.83,120441.5,11203.85
2025-09-18,Ethereum,Cryptocurrency,Sell,Binance,1.7194,3681.75,6330.4,503.48
2025-09-19,SBI,Stock,Buy,NSE,161.0,508.47,81863.67,0.0
2025-09-19,Reliance Industries,Stock,Buy,NSE,212.0,2400.61,508929.32,0.0
2025-09-21,HDFC Bank,Stock,Buy,NSE,278.0,1400.06,389216.68,0.0
2025-09-21,ITC,Stock,Sell,NSE,89.0,447.52,39829.28,14794.44
2025-09-21,Reliance Industries,Stock,Buy,NSE,249.0,2320.49,577802.01,0.0
2025-09-22,Bitcoin,Cryptocurrency,Sell,Binance,2.1892,32818.18,71845.56,-2845.1
2025-09-23,ATOM,Cryptocurrency,Buy,Binance,59.48,9.79,582.31,0.0
2025-09-25,Reliance Industries,Stock,Sell,NSE,166.0,2680.58,444976.28,125453.55
2025-09-26,GOLDBEES,ETF,Buy,NSE,415.0,55.74,23132.1,0.0
2025-09-26,Solana,Cryptocurrency,Buy,Binance,440.11,178.0,78339.58,0.0
2025-09-27,ITC,Stock,Buy,NSE,449.0,439.03,197124.47,0.0
2025-09-27,L&T,Stock,Sell,NSE,233.0,3394.54,790927.82,268360.11
2025-09-27,L&T,Stock,Sell,NSE,371.0,3406.56,1263833.76,45325.44
2025-09-29,Infosys,Stock,Buy,NSE,82.0,1440.1,118088.2,0.0
2025-09-30,SBI,Stock,Sell,NSE,456.0,814.34,371339.04,127499.21
2025-10-02,Infosys,Stock,Sell,NSE,236.0,1527.67,360530.12,-117.62
2025-10-02,L&T,Stock,Sell,NSE,177.0,3453.89,611338.53,50129.19
2025-10-04,Tata Motors,Stock,Sell,NSE,475.0,893.4,424365.0,65570.65
2025-10-04,HDFC Bank,Stock,Sell,NSE,398.0,1305.68,519660.64,126316.71
2025-10-07,L&T,Stock,Buy,NSE,216.0,3454.72,746219.52,0.0
2025-10-08,Ethereum,Cryptocurrency,Buy,Binance,1.6002,1763.79,2822.42,0.0
2025-10-09,Ethereum,Cryptocurrency,Sell,Binance,0.0343,2682.47,92.01,7.53
2025-10-09,GOLDBEES,ETF,Buy,NSE,280.0,53.5,14980.0,0.0
2025-10-11,Solana,Cryptocurrency,Buy,Binance,74.46,53.83,4008.18,0.0
2025-10-11,Infosys,Stock,Buy,NSE,309.0,1753.83,541933.47,0.0
2025-10-17,SBI,Stock,Buy,NSE,71.0,770.84,54729.64,0.0
2025-10-17,ATOM,Cryptocurrency,Sell,Binance,295.67,6.17,1824.28,392.11
2025-10-19,Reliance Industries,Stock,Sell,NSE,149.0,2438.74,363372.26,4931.09
2025-10-21,ITC,Stock,Buy,NSE,290.0,473.18,137222.2,0.0
2025-10-22,Tata Motors,Stock,Buy,NSE,59.0,460.12,27147.08,0.0
2025-10-25,NIFTYBEES,ETF,Buy,NSE,18.0,203.09,3655.62,0.0
2025-10-26,L&T,Stock,Sell,NSE,347.0,3503.42,1215686.74,148018.63
2025-10-30,Bitcoin,Cryptocurrency,Buy,Binance,0.5249,26926.38,14133.66,0.0
2025-10-31,L&T,Stock,Sell,NSE,188.0,2849.03,535617.64,145561.16
2025-11-01,Infosys,Stock,Buy,NSE,427.0,1407.79,601126.33,0.0
2025-11-02,TCS,Stock,Sell,NSE,8.0,3591.2,28729.6,7766.6
2025-11-02,Infosys,Stock,Buy,NSE,483.0,1305.82,630711.06,0.0
2025-11-04,L&T,Stock,Sell,NSE,471.0,3478.91,1638566.61,-12688.44
2025-11-05,TCS,Stock,Sell,NSE,24.0,3730.75,89538.0,-4950.57
2025-11-05,Ethereum,Cryptocurrency,Buy,Binance,1.5668,2379.78,3728.64,0.0
2025-11-05,TCS,Stock,Buy,NSE,181.0,3642.76,659339.56,0.0
2025-11-06,ATOM,Cryptocurrency,Buy,Binance,255.32,7.68,1960.86,0.0
2025-11-06,Reliance Industries,Stock,Buy,NSE,421.0,2245.07,945174.47,0.0
2025-11-08,SBI,Stock,Buy,NSE,409.0,599.4,245154.6,0.0
2025-11-09,Solana,Cryptocurrency,Sell,Binance,397.06,74.21,29465.82,4496.13
2025-11-09,Infosys,Stock,Buy,NSE,181.0,1342.85,243055.85,0.0
2025-11-12,Tata Motors,Stock,Buy,NSE,335.0,729.31,244318.85,0.0
2025-11-13,ATOM,Cryptocurrency,Buy,Binance,148.59,10.86,1613.69,0.0
2025-11-18,Tata Motors,Stock,Buy,NSE,382.0,642.76,245534.32,0.0
2025-11-19,TCS,Stock,Buy,NSE,362.0,3392.2,1227976.4,0.0
2025-11-21,SBI,Stock,Buy,NSE,348.0,625.0,217500.0,0.0
2025-11-24,L&T,Stock,Sell,NSE,184.0,2741.17,504375.28,164957.31
2025-11-25,Solana,Cryptocurrency,Buy,Binance,133.67,21.52,2876.58,0.0
2025-11-26,L&T,Stock,Sell,NSE,119.0,2658.47,316357.93,107653.65
2025-11-27,Solana,Cryptocurrency,Buy,Binance,138.65,118.67,16453.6,0.0
2025-11-28,L&T,Stock,Buy,NSE,150.0,2062.39,309358.5,0.0
2025-11-30,GOLDBEES,ETF,Sell,NSE,327.0,55.27,18073.29,4978.65
2025-12-03,Ethereum,Cryptocurrency,Buy,Binance,2.432,2128.97,5177.66,0.0
2025-12-04,ATOM,Cryptocurrency,Buy,Binance,68.98,10.11,697.39,0.0
2025-12-06,ITC,Stock,Sell,NSE,437.0,477.6,208711.2,-13009.5
2025-12-06,ATOM,Cryptocurrency,Buy,Binance,203.95,11.26,2296.48,0.0
2025-12-10,Infosys,Stock,Buy,NSE,5.0,1451.79,7258.95,0.0
2025-12-13,GOLDBEES,ETF,Buy,NSE,103.0,53.44,5504.32,0.0
2025-12-16,NIFTYBEES,ETF,Buy,NSE,388.0,269.45,104546.6,0.0
2025-12-19,ITC,Stock,Buy,NSE,498.0,452.93,225559.14,0.0
2025-12-19,NIFTYBEES,ETF,Buy,NSE,90.0,274.91,24741.9,0.0
2025-12-22,L&T,Stock,Buy,NSE,177.0,2670.39,472659.03,0.0
2025-12-23,HDFC Bank,Stock,Buy,NSE,484.0,1343.0,650012.0,0.0
2025-12-23,ATOM,Cryptocurrency,Buy,Binance,370.6,14.71,5451.53,0.0
2025-12-23,ATOM,Cryptocurrency,Sell,Binance,391.97,14.55,5703.16,-620.07
2025-12-26,ATOM,Cryptocurrency,Buy,Binance,355.27,14.26,5066.15,0.0
2025-12-27,Tata Motors,Stock,Buy,NSE,432.0,537.52,232208.64,0.0
2025-12-28,HDFC Bank,Stock,Buy,NSE,273.0,1567.21,427848.33,0.0
2025-12-29,SBI,Stock,Buy,NSE,60.0,589.83,35389.8,0.0
2025-12-29,L&T,Stock,Buy,NSE,59.0,2735.92,161419.28,0.0
2025-12-29,Tata Motors,Stock,Buy,NSE,429.0,787.59,337876.11,0.0
2026-01-02,SBI,Stock,Buy,NSE,388.0,659.79,255998.52,0.0
2026-01-03,HDFC Bank,Stock,Buy,NSE,145.0,1302.12,188807.4,0.0
2026-01-03,ATOM,Cryptocurrency,Buy,Binance,59.51,9.56,568.92,0.0
2026-01-03,HDFC Bank,Stock,Buy,NSE,271.0,1730.64,469003.44,0.0
2026-01-04,Reliance Industries,Stock,Buy,NSE,377.0,2487.77,937889.29,0.0
2026-01-06,Bitcoin,Cryptocurrency,Sell,Binance,2.0992,42319.45,88836.99,13955.34
2026-01-07,SBI,Stock,Buy,NSE,222.0,802.73,178206.06,0.0
2026-01-07,Tata Motors,Stock,Buy,NSE,199.0,804.46,160087.54,0.0
2026-01-07,TCS,Stock,Buy,NSE,220.0,3517.8,773916.0,0.0
2026-01-08,Tata Motors,Stock,Sell,NSE,496.0,629.32,312142.72,69575.74
2026-01-08,GOLDBEES,ETF,Sell,NSE,208.0,57.71,12003.68,1308.63
2026-01-09,Ethereum,Cryptocurrency,Sell,Binance,1.103,3100.73,3420.11,-133.59
2026-01-09,GOLDBEES,ETF,Buy,NSE,464.0,73.02,33881.28,0.0
2026-01-09,Bitcoin,Cryptocurrency,Buy,Binance,1.2732,55234.08,70324.03,0.0
2026-01-09,NIFTYBEES,ETF,Sell,NSE,443.0,276.49,122485.07,-3461.05
2026-01-10,Bitcoin,Cryptocurrency,Buy,Binance,1.0438,58713.75,61285.41,0.0
2026-01-11,ITC,Stock,Sell,NSE,250.0,437.78,109445.0,-3733.48
2026-01-12,Ethereum,Cryptocurrency,Buy,Binance,0.1726,2265.29,390.99,0.0
2026-01-13,HDFC Bank,Stock,Buy,NSE,280.0,1410.57,394959.6,0.0
2026-01-15,L&T,Stock,Buy,NSE,108.0,2941.66,317699.28,0.0
2026-01-16,NIFTYBEES,ETF,Buy,NSE,233.0,279.74,65179.42,0.0
2026-01-16,Infosys,Stock,Buy,NSE,430.0,1385.28,595670.4,0.0
2026-01-17,TCS,Stock,Sell,NSE,211.0,3021.32,637498.52,48951.09
2026-01-17,GOLDBEES,ETF,Buy,NSE,355.0,64.53,22908.15,0.0
2026-01-20,Solana,Cryptocurrency,Sell,Binance,25.59,54.49,1394.4,283.01
2026-01-21,NIFTYBEES,ETF,Sell,NSE,200.0,259.48,51896.0,14533.67
2026-01-21,Infosys,Stock,Sell,NSE,396.0,1668.53,660737.88,262984.0
2026-01-22,ATOM,Cryptocurrency,Sell,Binance,468.4,12.41,5812.84,1150.48
2026-01-23,HDFC Bank,Stock,Buy,NSE,27.0,1466.67,39600.09,0.0
2026-01-27,ATOM,Cryptocurrency,Sell,Binance,459.77,9.49,4363.22,1461.04
2026-01-27,L&T,Stock,Sell,NSE,448.0,3737.66,1674471.68,420507.59
2026-01-29,Reliance Industries,Stock,Sell,NSE,170.0,2899.09,492845.3,111681.65
2026-01-30,Tata Motors,Stock,Sell,NSE,255.0,545.16,139015.8,24567.42
2026-01-31,Solana,Cryptocurrency,Buy,Binance,461.72,160.42,74069.12,0.0
2026-02-01,NIFTYBEES,ETF,Buy,NSE,396.0,219.7,87001.2,0.0
2026-02-01,NIFTYBEES,ETF,Sell,NSE,7.0,181.79,1272.53,247.73
2026-02-02,Reliance Industries,Stock,Sell,NSE,202.0,2995.06,605002.12,-13828.69
2026-02-02,ATOM,Cryptocurrency,Buy,Binance,372.39,6.77,2521.08,0.0
2026-02-03,Ethereum,Cryptocurrency,Buy,Binance,2.449,2461.66,6028.61,0.0
2026-02-04,GOLDBEES,ETF,Sell,NSE,361.0,57.37,20710.57,2475.96
2026-02-04,ITC,Stock,Sell,NSE,110.0,420.49,46253.9,9660.59
2026-02-04,Reliance Industries,Stock,Sell,NSE,167.0,2638.48,440626.16,-23876.88
2026-02-05,Tata Motors,Stock,Buy,NSE,96.0,985.11,94570.56,0.0
2026-02-05,Reliance Industries,Stock,Sell,NSE,424.0,2981.88,1264317.12,10401.28
2026-02-07,TCS,Stock,Buy,NSE,45.0,3051.21,137304.45,0.0
2026-02-07,Infosys,Stock,Sell,NSE,90.0,1340.03,120602.7,8246.22
2026-02-07,Bitcoin,Cryptocurrency,Sell,Binance,0.7188,55808.81,40115.37,10374.23
2026-02-07,Infosys,Stock,Buy,NSE,6.0,1629.46,9776.76,0.0
2026-02-08,Bitcoin,Cryptocurrency,Sell,Binance,1.4885,50265.57,74820.3,409.44
2026-02-09,TCS,Stock,Buy,NSE,188.0,4017.9,755365.2,0.0
2026-02-09,L&T,Stock,Buy,NSE,292.0,3602.2,1051842.4,0.0
2026-02-11,Bitcoin,Cryptocurrency,Buy,Binance,0.7234,42148.19,30490.0,0.0
2026-02-12,SBI,Stock,Buy,NSE,159.0,720.61,114576.99,0.0
2026-02-12,NIFTYBEES,ETF,Sell,NSE,290.0,216.03,62648.7,22711.06
2026-02-14,Reliance Industries,Stock,Sell,NSE,393.0,2720.25,1069058.25,243679.24
2026-02-15,Tata Motors,Stock,Sell,NSE,262.0,638.07,167174.34,-24102.29
2026-02-16,Reliance Industries,Stock,Buy,NSE,125.0,3075.95,384493.75,0.0
2026-02-18,HDFC Bank,Stock,Buy,NSE,188.0,1517.58,285305.04,0.0
2026-02-20,Infosys,Stock,Buy,NSE,407.0,1433.49,583430.43,0.0
2026-02-22,NIFTYBEES,ETF,Sell,NSE,180.0,219.79,39562.2,15182.8
2026-02-23,Ethereum,Cryptocurrency,Sell,Binance,1.6456,1750.34,2880.36,-9.82
2026-02-23,GOLDBEES,ETF,Sell,NSE,247.0,74.43,18384.21,5773.98
2026-02-26,NIFTYBEES,ETF,Sell,NSE,484.0,276.12,133642.08,3699.85
2026-02-27,SBI,Stock,Buy,NSE,226.0,716.38,161901.88,0.0
2026-03-01,L&T,Stock,Buy,NSE,498.0,2407.33,1198850.34,0.0
2026-03-01,HDFC Bank,Stock,Buy,NSE,294.0,1541.25,453127.5,0.0
2026-03-03,Tata Motors,Stock,Sell,NSE,361.0,467.83,168886.63,42141.62
2026-03-05,GOLDBEES,ETF,Sell,NSE,102.0,73.26,7472.52,929.95
2026-03-07,SBI,Stock,Buy,NSE,164.0,555.64,91124.96,0.0
2026-03-07,HDFC Bank,Stock,Sell,NSE,32.0,1495.39,47852.48,-4512.88
2026-03-10,Solana,Cryptocurrency,Buy,Binance,325.84,30.76,10022.84,0.0
2026-03-11,ATOM,Cryptocurrency,Buy,Binance,400.42,12.72,5093.34,0.0
2026-03-11,GOLDBEES,ETF,Sell,NSE,367.0,59.23,21737.41,-2563.6
2026-03-12,Bitcoin,Cryptocurrency,Buy,Binance,2.3882,65253.74,155838.98,0.0
2026-03-13,L&T,Stock,Buy,NSE,416.0,3297.47,1371747.52,0.0
2026-03-15,TCS,Stock,Sell,NSE,290.0,3789.14,1098850.6,-55354.9
2026-03-17,GOLDBEES,ETF,Buy,NSE,474.0,73.33,34758.42,0.0
2026-03-21,TCS,Stock,Buy,NSE,57.0,3026.56,172513.92,0.0
2026-03-24,ATOM,Cryptocurrency,Buy,Binance,96.13,10.97,1054.55,0.0
2026-03-24,Tata Motors,Stock,Sell,NSE,396.0,623.03,246719.88,48920.22
2026-03-25,GOLDBEES,ETF,Sell,NSE,329.0,51.69,17006.01,4825.64
2026-03-25,SBI,Stock,Sell,NSE,428.0,739.53,316518.84,-21441.41
2026-03-26,SBI,Stock,Buy,NSE,70.0,534.16,37391.2,0.0
2026-03-26,L&T,Stock,Buy,NSE,197.0,2982.13,587479.61,0.0
2026-03-26,NIFTYBEES,ETF,Buy,NSE,233.0,260.28,60645.24,0.0
2026-03-27,Infosys,Stock,Buy,NSE,106.0,1797.27,190510.62,0.0
2026-03-28,ATOM,Cryptocurrency,Buy,Binance,298.59,8.01,2391.71,0.0
2026-03-31,ATOM,Cryptocurrency,Buy,Binance,409.33,6.84,2799.82,0.0
2026-03-31,Bitcoin,Cryptocurrency,Buy,Binance,2.4035,59086.3,142013.92,0.0
2026-04-01,L&T,Stock,Buy,NSE,430.0,3400.33,1462141.9,0.0
2026-04-02,ITC,Stock,Buy,NSE,490.0,472.74,231642.6,0.0
2026-04-02,Reliance Industries,Stock,Buy,NSE,113.0,2853.34,322427.42,0.0
2026-04-04,TCS,Stock,Sell,NSE,248.0,3741.94,928001.12,369480.95
2026-04-06,L&T,Stock,Buy,NSE,99.0,2745.18,271772.82,0.0
2026-04-07,Infosys,Stock,Buy,NSE,337.0,1790.67,603455.79,0.0
2026-04-10,Tata Motors,Stock,Sell,NSE,458.0,653.04,299092.32,86228.39
2026-04-10,Bitcoin,Cryptocurrency,Buy,Binance,1.12,41623.07,46617.84,0.0
2026-04-11,Bitcoin,Cryptocurrency,Sell,Binance,0.5939,46629.88,27693.49,-3959.83
2026-04-11,ATOM,Cryptocurrency,Buy,Binance,63.2,9.47,598.5,0.0
2026-04-12,TCS,Stock,Sell,NSE,283.0,3109.36,879948.88,55559.9
2026-04-13,Infosys,Stock,Buy,NSE,400.0,1457.45,582980.0,0.0
